pitcher,player_name,p_throws,pt,n_pt,wt,best_delta_in,compromise_gain,at_comp,own_best,own_delta,contrib
605135,"Bassitt, Chris",R,CU,117,0.25,-13,2.14076842487537,7.51975707377168,7.51975707377168,-13,1.87993926844292
605135,"Bassitt, Chris",R,FC,97,0.207264957264957,-13,2.14076842487537,0.0138500622638181,0.0531328088893435,-3,0.00287063256322726
605135,"Bassitt, Chris",R,SI,178,0.38034188034188,-13,2.14076842487537,-0.235807927638943,0,0,-0.0896876305977178
640455,"Manaea, Sean",L,ST,266,0.288816503800217,13,1.82113973101487,4.17617381849311,4.17617381849311,13,1.20614792151918
640455,"Manaea, Sean",L,FC,71,0.0770901194353963,13,1.82113973101487,4.75769169221994,4.75769169221994,13,0.366771020790028
640455,"Manaea, Sean",L,FF,379,0.411509229098806,13,1.82113973101487,0.462971280711661,0.462971280711661,13,0.190516954820543
640455,"Manaea, Sean",L,SI,173,0.187839305103149,13,1.82113973101487,-0.029660349042102,0.021303125477151,1,-0.00557137935318528
621381,"Strahm, Matt",L,FF,112,0.434108527131783,20,1.78461167974639,1.52478173711119,1.52478173711119,20,0.661920754094779
621381,"Strahm, Matt",L,SL,62,0.24031007751938,20,1.78461167974639,2.2539818987003,2.2539818987003,20,0.541654564803948
657044,"Thompson, Ryan",R,SL,80,0.306513409961686,-3,1.65734684034228,4.64481397305143,4.64481397305143,-3,1.42369776951768
657044,"Thompson, Ryan",R,SI,171,0.655172413793103,-3,1.65734684034228,0.259701398139173,0.259701398139173,-3,0.170149191884286
670990,"Ramírez, Yohan",R,ST,147,0.360294117647059,-17,1.65475705915654,2.75198608448415,2.75198608448415,-17,0.991524398086201
670990,"Ramírez, Yohan",R,CU,40,0.0980392156862745,-17,1.65475705915654,3.99522408124294,3.99522408124294,-17,0.391688635415975
670990,"Ramírez, Yohan",R,FF,108,0.264705882352941,-17,1.65475705915654,0.557907349499245,0.557907349499245,-17,0.147681357220388
670990,"Ramírez, Yohan",R,SI,112,0.274509803921569,-17,1.65475705915654,0.436439389838448,1.04803579167943,17,0.119806891328201
593974,"Peralta, Wandy",L,CH,147,0.347517730496454,-12,1.52004274332902,3.48643787898908,3.48643787898908,-12,1.21159897922316
593974,"Peralta, Wandy",L,SI,175,0.41371158392435,-12,1.52004274332902,0.688184286990215,0.688184286990215,-12,0.284709811402571
593974,"Peralta, Wandy",L,SL,62,0.146572104018913,-12,1.52004274332902,-0.794229112844179,1.50929965895238,14,-0.116411832142646
668873,"Kilian, Caleb",R,CU,67,0.203030303030303,-12,1.38627316782208,5.04443998852564,5.04443998852564,-12,1.02417417948854
668873,"Kilian, Caleb",R,SL,49,0.148484848484848,-12,1.38627316782208,2.83565099571966,2.83565099571966,-12,0.421051208455344
668873,"Kilian, Caleb",R,SI,41,0.124242424242424,-12,1.38627316782208,-0.0442746762376962,0.243228632982987,13,-0.00550079310831984
668873,"Kilian, Caleb",R,FF,173,0.524242424242424,-12,1.38627316782208,-0.101959369447694,0.00754932098239154,1,-0.0534514270134882
662253,"Muñoz, Andrés",R,SL,132,0.481751824817518,-8,1.25298584515327,2.32689581762668,2.32689581762668,-8,1.1209863063019
662253,"Muñoz, Andrés",R,FF,116,0.423357664233577,-8,1.25298584515327,0.030950359235263,0.030950359235263,-8,0.0131030717930311
682052,"Lopez, Jacob",L,SL,252,0.357446808510638,3,1.11087902712925,2.92147371879326,2.92147371879326,3,1.04427145693036
682052,"Lopez, Jacob",L,FC,147,0.208510638297872,3,1.11087902712925,0.392208674530694,0.392208674530694,3,0.0817796810723575
682052,"Lopez, Jacob",L,FF,221,0.313475177304965,3,1.11087902712925,-0.015130098210065,0.00962046833822549,2,-0.00474291021904165
682052,"Lopez, Jacob",L,CH,62,0.0879432624113475,3,1.11087902712925,-0.53069038847325,0.372923827771654,-3,-0.046670644092683
607455,"Banda, Anthony",L,SL,94,0.405172413793103,9,1.06813389624002,2.15919661963641,2.15919661963641,9,0.874846906231993
607455,"Banda, Anthony",L,FF,60,0.258620689655172,9,1.06813389624002,0.290019791678161,0.290019791678161,9,0.0750051185374555
607455,"Banda, Anthony",L,SI,66,0.28448275862069,9,1.06813389624002,0.221572536762004,0.221572536762004,9,0.063033566492639
701519,"Adams, Travis",R,CH,58,0.262443438914027,17,1.06788704754711,3.49310361396289,3.68233538536244,18,0.916742124931436
701519,"Adams, Travis",R,FF,61,0.276018099547511,17,1.06788704754711,0.510303710628849,0.562118013607613,18,0.140853060399818
701519,"Adams, Travis",R,FC,46,0.208144796380091,17,1.06788704754711,0.515931069968704,1.01121869664335,-10,0.107388367504798
701519,"Adams, Travis",R,SL,44,0.199095022624434,17,1.06788704754711,-0.778931187259601,2.74183227949392,-11,-0.155081322350328
686560,"Collyer, Gavin",R,FC,42,0.318181818181818,-4,1.01178246279442,1.01178246279442,1.01178246279442,-4,0.321930783616406
669060,"Wilson, Bryse",R,FC,74,0.336363636363636,-12,1.00857962980243,2.49547138408064,2.49547138408064,-12,0.839385829190762
669060,"Wilson, Bryse",R,SI,58,0.263636363636364,-12,1.00857962980243,-0.0440261860533965,0.353627159452894,12,-0.0116069035958954
669060,"Wilson, Bryse",R,FF,45,0.204545454545455,-12,1.00857962980243,-0.0798393145742423,0.0936996199622012,-9,-0.0163307688901859
669622,"Bender, Anthony",R,ST,73,0.553030303030303,-2,0.935607493638081,0.935607493638081,0.935607493638081,-2,0.51741929572409
606996,"Hart, Kyle",L,ST,72,0.261818181818182,-9,0.930172108565007,2.59187104618911,2.59187104618911,-9,0.678598964820422
606996,"Hart, Kyle",L,SI,72,0.261818181818182,-9,0.930172108565007,0.25001224433792,0.25001224433792,-9,0.0654577512448373
606996,"Hart, Kyle",L,FS,61,0.221818181818182,-9,0.930172108565007,0.294337701076846,0.872713300389623,9,0.0652894536934095
606996,"Hart, Kyle",L,SL,43,0.156363636363636,-9,0.930172108565007,0.188662470709019,0.77062879438967,9,0.0294999499654103
518585,"Cruz, Fernando",R,FS,104,0.52,-4,0.922425977269181,1.53510495892287,1.53510495892287,-4,0.798254578639892
518585,"Cruz, Fernando",R,FF,69,0.345,-4,0.922425977269181,-0.00103219797695754,0,0,-0.000356108302050352
681293,"Arrighetti, Spencer",R,CU,187,0.304560260586319,-8,0.88293181266786,1.69628458160945,1.69628458160945,-8,0.51662087420353
681293,"Arrighetti, Spencer",R,ST,84,0.136807817589577,-8,0.88293181266786,2.66206416306251,2.66206416306251,-8,0.364191188432004
681293,"Arrighetti, Spencer",R,FC,45,0.0732899022801303,-8,0.88293181266786,-0.186840300812016,0.0347079530814262,-4,-0.0136935073885028
681293,"Arrighetti, Spencer",R,SI,57,0.0928338762214984,-8,0.88293181266786,-0.246985118135742,0.116037167159583,8,-0.0229285858855656
681293,"Arrighetti, Spencer",R,FF,198,0.322475570032573,-8,0.88293181266786,-0.0716089704777364,0.0333435617184923,3,-0.0230921435742537
686973,"Varland, Louis",R,CU,111,0.28030303030303,-6,0.877453543603284,2.95388506077068,2.95388506077068,-6,0.827982933700871
686973,"Varland, Louis",R,CH,67,0.169191919191919,-6,0.877453543603284,-0.0914759726702827,0.0259115220106432,-4,-0.0154769953760327
686973,"Varland, Louis",R,FF,181,0.457070707070707,-6,0.877453543603284,-0.0372736432213107,0.0248659180203544,3,-0.0170366904622658
685126,"Eisert, Brandon",L,SL,89,0.378723404255319,3,0.874495480755918,1.33584202772034,1.33584202772034,3,0.505914640285577
685126,"Eisert, Brandon",L,FF,96,0.408510638297872,3,0.874495480755918,0.446788786174315,0.446788786174315,3,0.182517972224401
643511,"Rogers, Tyler",R,SL,73,0.196236559139785,-2,0.863576209821108,2.86830540177039,2.86830540177039,-2,0.56286638260548
643511,"Rogers, Tyler",R,SI,299,0.803763440860215,-2,0.863576209821108,0.374127276669611,0.374127276669611,-2,0.300709827215628
667297,"Nance, Tommy",R,CU,51,0.32484076433121,-3,0.767774609980386,1.95462362353529,1.95462362353529,-3,0.634941431849043
667297,"Nance, Tommy",R,SL,62,0.394904458598726,-3,0.767774609980386,0.349431994745299,0.349431994745299,-3,0.137992252701965
667297,"Nance, Tommy",R,SI,42,0.267515923566879,-3,0.767774609980386,-0.0558458077987744,0.0848515469789567,3,-0.0149396428506275
650556,"Abreu, Bryan",R,SL,113,0.437984496124031,-6,0.751674269180858,1.46484800500938,1.4798856742436,-5,0.641580715372324
650556,"Abreu, Bryan",R,FF,127,0.492248062015504,-6,0.751674269180858,0.117118110530286,0.117118110530286,-6,0.0576511629354509
666142,"Ragans, Cole",L,CH,52,0.185714285714286,-6,0.659779311053345,2.35634456682222,2.35634456682222,-6,0.437606848124127
666142,"Ragans, Cole",L,FF,155,0.553571428571429,-6,0.659779311053345,0.0906090316986256,0.0906090316986256,-6,0.0501585711188821
804267,"Thornton, Zac",L,FC,106,0.336507936507937,6,0.653529515334301,1.04769540496053,1.04769540496053,6,0.352557818812115
804267,"Thornton, Zac",L,SL,55,0.174603174603175,6,0.653529515334301,0.69758840985832,0.69758840985832,6,0.121801150927643
804267,"Thornton, Zac",L,FF,72,0.228571428571429,6,0.653529515334301,0.0395736334009496,0.0444355477165484,4,0.00904540192021705
656638,"Lange, Alex",R,SL,95,0.335689045936396,-12,0.652076678414272,2.03152134829032,2.03152134829032,-12,0.681959463206997
656638,"Lange, Alex",R,SI,72,0.254416961130742,-12,0.652076678414272,-0.271261473152556,0.530348256700592,12,-0.0690135196713216
656638,"Lange, Alex",R,CH,61,0.215547703180212,-12,0.652076678414272,-0.406397038395772,0.783976989004851,12,-0.087597948205449
676254,"Walker, Ryan",R,SL,56,0.296296296296296,-4,0.642381804431702,2.31493966094966,2.31493966094966,-4,0.685908047688789
676254,"Walker, Ryan",R,SI,129,0.682539682539683,-4,0.642381804431702,-0.0836898232040022,0.0185316244977071,2,-0.0571216253614619
642232,"Yarbrough, Ryan",L,ST,57,0.235537190082645,2,0.633767310335431,2.5864721439863,2.5864721439863,2,0.609210381021565
642232,"Yarbrough, Ryan",L,FC,48,0.198347107438017,2,0.633767310335431,0.0803096615568129,0.0803096615568129,2,0.0159291890691199
642232,"Yarbrough, Ryan",L,SI,51,0.210743801652893,2,0.633767310335431,0.0585588738436927,0.0585588738436927,2,0.0123409196943319
642232,"Yarbrough, Ryan",L,FF,42,0.173553719008264,2,0.633767310335431,0.0195845289596347,0.0195845289596347,2,0.00339896783596965
642232,"Yarbrough, Ryan",L,CH,44,0.181818181818182,2,0.633767310335431,-0.0391168100705578,0.357829869005705,-1,-0.00711214728555597
623474,"Herget, Jimmy",R,ST,71,0.358585858585859,-4,0.632059691736612,1.01615764903404,1.01615764903404,-4,0.36437976303746
623474,"Herget, Jimmy",R,SL,67,0.338383838383838,-4,0.632059691736612,0.225030513107991,0.225030513107991,-4,0.0761466887789667
573204,"Thielbar, Caleb",L,CU,62,0.257261410788382,-5,0.631131083780118,2.08343905550753,2.08343905550753,-5,0.535988470711482
573204,"Thielbar, Caleb",L,FF,120,0.49792531120332,-5,0.631131083780118,0.135985167248076,0.135985167248076,-5,0.0677104567210335
573204,"Thielbar, Caleb",L,SL,40,0.16597510373444,-5,0.631131083780118,-0.134508522801248,0.161024776038062,5,-0.0223250660251035
702021,"Dion, Will",L,CH,45,0.220588235294118,-16,0.621035294605546,2.12751163581062,2.12751163581062,-16,0.469304037311165
702021,"Dion, Will",L,FF,101,0.495098039215686,-16,0.621035294605546,-0.0501670356343373,0.355629518393119,14,-0.0248376009758238
680916,"Aleman, Franco",R,SL,42,0.308823529411765,-4,0.591567503262919,1.7994436957506,1.7994436957506,-4,0.555710553099449
680916,"Aleman, Franco",R,FF,87,0.639705882352941,-4,0.591567503262919,0.00845485861369451,0.0254672421613373,2,0.00540862278964281
663855,"Hicks, Jordan",R,ST,68,0.26984126984127,-9,0.591197654181697,2.55074947545814,2.55074947545814,-9,0.688297477504577
663855,"Hicks, Jordan",R,FF,47,0.186507936507937,-9,0.591197654181697,-0.0495124204759242,0.0708764447674703,3,-0.00923445937447792
663855,"Hicks, Jordan",R,SI,128,0.507936507936508,-9,0.591197654181697,-0.214553520333067,0.207116816995255,6,-0.108979565883462
681982,"Anderson, Grant",R,ST,94,0.31023102310231,-5,0.589893288336516,1.89686472687513,1.89686472687513,-5,0.588466284905155
681982,"Anderson, Grant",R,FF,129,0.425742574257426,-5,0.589893288336516,-0.0125448752727084,0.00915231449284408,1,-0.00534088749234118
681982,"Anderson, Grant",R,SI,70,0.231023102310231,-5,0.589893288336516,-0.0549751704783371,0.11146051894728,5,-0.0127005344339393
682842,"Uribe, Abner",R,SL,92,0.332129963898917,-3,0.572547009179463,1.77955569720213,1.77955569720213,-3,0.591043769467855
682842,"Uribe, Abner",R,SI,184,0.664259927797834,-3,0.572547009179463,-0.0309573348318701,0.019783879729883,3,-0.0205637170002314
571927,"Matz, Steven",L,CU,47,0.0989473684210526,-6,0.566877289054673,3.02987754907212,3.1473145853181,-7,0.299798410118715
571927,"Matz, Steven",L,SL,50,0.105263157894737,-6,0.566877289054673,1.59476032156796,1.63652282219899,-5,0.167869507533469
571927,"Matz, Steven",L,CH,153,0.322105263157895,-6,0.566877289054673,0.295934001956031,0.325099047604271,-7,0.0953218995774163
571927,"Matz, Steven",L,SI,224,0.471578947368421,-6,0.566877289054673,0.00571282066006654,0.0451202294535139,7,0.00269404595337875
656794,"Newcomb, Sean",L,ST,117,0.27790973871734,-3,0.558088860091138,1.7217963722255,1.7217963722255,-3,0.478503979929653
656794,"Newcomb, Sean",L,SI,97,0.230403800475059,-3,0.558088860091138,0.118988357005188,0.118988357005188,-3,0.0274153696662785
656794,"Newcomb, Sean",L,FF,178,0.422802850356295,-3,0.558088860091138,0.0324650953698815,0.0324650953698815,-3,0.0137263348594748
681347,"Burrows, Mike",R,SL,134,0.179144385026738,-13,0.548064808557526,2.73962640888559,2.73962640888559,-13,0.49078868822282
681347,"Burrows, Mike",R,CU,78,0.10427807486631,-13,0.548064808557526,1.80909404099437,1.89224318709901,-12,0.188648843847006
681347,"Burrows, Mike",R,FF,199,0.266042780748663,-13,0.548064808557526,0.000264022892510876,0.0828568999910217,12,7.02413845048988e-05
681347,"Burrows, Mike",R,SI,119,0.159090909090909,-13,0.548064808557526,-0.209221134921052,0.409777573873328,12,-0.0332851805556219
681347,"Burrows, Mike",R,CH,218,0.29144385026738,-13,0.548064808557526,-0.336798269207366,0.689870788711748,12,-0.0981577843411841
694297,"Pfaadt, Brandon",R,CU,71,0.113782051282051,-10,0.543375736166945,3.11941004891553,3.11941004891553,-10,0.354932874155453
694297,"Pfaadt, Brandon",R,ST,77,0.123397435897436,-10,0.543375736166945,0.937060422178944,1.51399450509671,-6,0.11563085337785
694297,"Pfaadt, Brandon",R,FC,87,0.139423076923077,-10,0.543375736166945,0.270960092975656,0.270960092975656,-10,0.0377780898860289
694297,"Pfaadt, Brandon",R,CH,120,0.192307692307692,-10,0.543375736166945,0.167885263091094,0.291909213613719,-4,0.032285627517518
694297,"Pfaadt, Brandon",R,FF,145,0.232371794871795,-10,0.543375736166945,0.0220308979592111,0.0478444392477173,-7,0.00511935930141926
694297,"Pfaadt, Brandon",R,SI,124,0.198717948717949,-10,0.543375736166945,-0.0119318264234384,0.0521419510374227,5,-0.00237106807132429
676263,"Dreyer, Jack",L,SL,106,0.369337979094077,12,0.53119740296473,1.25333424285488,1.25333424285488,12,0.462903936385428
676263,"Dreyer, Jack",L,FF,149,0.519163763066202,12,0.53119740296473,0.0174624698885123,0.110612111250101,-11,0.00906588157975026
666277,"Soriano, George",R,SL,51,0.183453237410072,-11,0.519993075130308,1.88160113566874,1.88160113566874,-11,0.345185819852898
666277,"Soriano, George",R,CH,87,0.31294964028777,-11,0.519993075130308,0.147023781385019,0.423389382972186,11,0.0460110394981894
666277,"Soriano, George",R,FF,90,0.323741007194245,-11,0.519993075130308,0.10895215811231,0.10895215811231,-11,0.0352722814032658
641778,"Lauer, Eric",L,CU,67,0.085133418043202,-6,0.512732349713916,3.59438777111504,3.59438777111504,-6,0.30600251672771
641778,"Lauer, Eric",L,CH,113,0.143583227445997,-6,0.512732349713916,0.650180983277744,0.650180983277744,-6,0.0933550840030306
641778,"Lauer, Eric",L,SL,60,0.0762388818297332,-6,0.512732349713916,1.0006927888517,1.10778566929367,-5,0.0762916992771306
641778,"Lauer, Eric",L,FC,182,0.231257941550191,-6,0.512732349713916,0.143043238805878,0.143043238805878,-6,0.0330798849589198
641778,"Lauer, Eric",L,FF,365,0.463786531130877,-6,0.512732349713916,0.00863148124928096,0.0272653143966551,6,0.00400316474712522
686613,"Brown, Hunter",R,CU,90,0.212765957446809,-6,0.50032981678871,2.18482727954032,2.18482727954032,-6,0.464856867987302
686613,"Brown, Hunter",R,SL,42,0.099290780141844,-6,0.50032981678871,1.27251294937556,1.27251294937556,-6,0.126348803484098
686613,"Brown, Hunter",R,FF,126,0.297872340425532,-6,0.50032981678871,0.00394224309931061,0.0129926817354493,2,0.00117428517851805
686613,"Brown, Hunter",R,SI,119,0.281323877068558,-6,0.50032981678871,-0.127120383505992,0.137748475964961,5,-0.0357619991423475
686613,"Brown, Hunter",R,CH,46,0.108747044917258,-6,0.50032981678871,-0.517606163566907,0.0334651100152476,1,-0.0562881407188599
676879,"Ashby, Aaron",L,CH,69,0.155056179775281,-3,0.49778758313324,1.72806176033247,1.72806176033247,-3,0.2679466549729
676879,"Ashby, Aaron",L,SI,236,0.530337078651685,-3,0.49778758313324,0.383419006561462,0.383419006561462,-3,0.203341315839337
676879,"Ashby, Aaron",L,CU,66,0.148314606741573,-3,0.49778758313324,0.580310556590625,0.67549056154215,-2,0.0860685319887219
676879,"Ashby, Aaron",L,SL,61,0.137078651685393,-3,0.49778758313324,-0.540646030047006,0.639254451238722,-1,-0.0741110288379042
664875,"Lawrence, Justin",R,ST,86,0.346774193548387,-8,0.485685436483635,1.6661175971145,1.6661175971145,-8,0.577766586096157
664875,"Lawrence, Justin",R,FF,43,0.173387096774194,-8,0.485685436483635,-0.0630165215655084,0.174302889555624,8,-0.0109262517230519
664875,"Lawrence, Justin",R,SI,119,0.479838709677419,-8,0.485685436483635,-0.169129535097384,0.191938941654249,8,-0.0811548978894703
669432,"Rogers, Trevor",L,ST,130,0.126091173617847,-8,0.485456581695143,2.38535641142768,2.38535641142768,-8,0.300772389413771
669432,"Rogers, Trevor",L,CH,240,0.23278370514064,-8,0.485456581695143,0.560369900570507,0.624327511693275,-9,0.130444981704095
669432,"Rogers, Trevor",L,FC,97,0.0940834141610087,-8,0.485456581695143,0.312452820572282,2.03773778531488,9,0.0293966281236774
669432,"Rogers, Trevor",L,FF,471,0.456838021338506,-8,0.485456581695143,0.0371434495583787,0.0972443415670509,9,0.0169685400019364
669432,"Rogers, Trevor",L,SI,93,0.0902036857419981,-8,0.485456581695143,0.0872918039533839,0.133080895174547,-9,0.00787404245166314
696270,"Johnson, Ryan",R,ST,64,0.164948453608247,-6,0.465910098192884,1.84871710159558,1.84871710159558,-6,0.304943027067313
696270,"Johnson, Ryan",R,FC,122,0.314432989690722,-6,0.465910098192884,0.590022837945901,0.590022837945901,-6,0.185522644921134
696270,"Johnson, Ryan",R,SI,99,0.255154639175258,-6,0.465910098192884,0.0310151068140829,0.0448465469047409,-5,0.0079136483881294
696270,"Johnson, Ryan",R,FS,103,0.265463917525773,-6,0.465910098192884,-0.122311244730801,0.312866026863088,4,-0.0324692221836921
702070,"Cameron, Noah",L,CH,212,0.216768916155419,-3,0.452770457551959,2.00973796957585,2.00973796957585,-3,0.435648721421349
702070,"Cameron, Noah",L,FF,239,0.244376278118609,-3,0.452770457551959,0.0229546958349678,0.0229546958349678,-3,0.00560958313349417
702070,"Cameron, Noah",L,SL,134,0.137014314928425,-3,0.452770457551959,0.0346799127433805,0.140773254042271,-2,0.00475164448631185
702070,"Cameron, Noah",L,CU,139,0.142126789366053,-3,0.452770457551959,-0.000268996691669325,0.00304456422084454,-1,-3.82316361370513e-05
702070,"Cameron, Noah",L,FC,223,0.2280163599182,-3,0.452770457551959,-0.0331242884322974,0.0327949555324496,3,-0.00755287967321301
595345,"Okert, Steven",L,SL,223,0.703470031545741,2,0.447903648111013,0.519125220948071,0.519125220948071,2,0.365189035556529
595345,"Okert, Steven",L,FF,80,0.252365930599369,2,0.447903648111013,0.249373513827715,0.249373513827715,2,0.062933378883966
677961,"Wilcox, Cole",R,ST,43,0.252941176470588,-2,0.446850556402641,0.859372395892008,0.859372395892008,-2,0.217370664843273
677961,"Wilcox, Cole",R,FF,42,0.247058823529412,-2,0.446850556402641,0.0245067683540037,0.0245067683540037,-2,0.00605461335804797
681895,"Sisk, Evan",L,CU,66,0.259842519685039,2,0.430589828764222,1.15194238658017,1.15194238658017,2,0.29932361226099
681895,"Sisk, Evan",L,FF,58,0.228346456692913,2,0.430589828764222,0.214381315719788,0.214381315719788,2,0.0489532138257784
681895,"Sisk, Evan",L,SI,80,0.31496062992126,2,0.430589828764222,-0.0077748594767238,0.0213572853150267,-2,-0.0024487746383382
676282,"Cantillo, Joey",L,CH,263,0.278897136797455,-4,0.424143796299883,1.31416925465968,1.31416925465968,-4,0.366518042391831
676282,"Cantillo, Joey",L,CU,278,0.294803817603393,-4,0.424143796299883,0.173928498728562,0.173928498728562,-4,0.0512747854152069
676282,"Cantillo, Joey",L,FF,282,0.299045599151644,-4,0.424143796299883,0.125301391383311,0.125301391383311,-4,0.0374708296607567
676282,"Cantillo, Joey",L,SL,55,0.0583244962884411,-4,0.424143796299883,-0.233790793904965,0.517624164642153,4,-0.0136357302913818
676282,"Cantillo, Joey",L,FC,65,0.0689289501590668,-4,0.424143796299883,-0.253654391024113,0.20059289771359,4,-0.0174841308765295
695243,"Miller, Mason",R,SL,137,0.45514950166113,-3,0.421825033909941,0.978615278184954,0.978615278184954,-3,0.44541625618385
695243,"Miller, Mason",R,FF,162,0.538205980066445,-3,0.421825033909941,-0.0490407899522615,0.00301424353905784,2,-0.0263940464194896
681810,"Warren, Austin",R,ST,90,0.42654028436019,-2,0.421096086886448,0.705620233145558,0.705620233145558,-2,0.300975454896209
681810,"Warren, Austin",R,SI,54,0.255924170616114,-2,0.421096086886448,-0.0531108235454015,0.00964720346575489,3,-0.0135923434665956
657097,"Webb, Jacob",R,CH,153,0.437142857142857,12,0.41832906017842,0.875841841574724,0.875841841574724,12,0.382868005031236
657097,"Webb, Jacob",R,FF,169,0.482857142857143,12,0.41832906017842,0.0041310983225948,0.0463725957584357,-5,0.00199473033291006
694361,"Klein, Will",R,ST,93,0.330960854092527,-7,0.418068627315775,1.1364195738977,1.1364195738977,-7,0.376110392784648
694361,"Klein, Will",R,FF,144,0.512455516014235,-7,0.418068627315775,-0.0458663590183855,0.089063638565111,9,-0.0235044686784609
656945,"Scott, Tanner",L,SL,139,0.463333333333333,3,0.417463477539047,0.917616272699844,0.917616272699844,3,0.425162206350928
656945,"Scott, Tanner",L,FF,161,0.536666666666667,3,0.417463477539047,-0.0143454574134427,0.019521744587169,-3,-0.00769872881188091
671096,"Abbott, Andrew",L,ST,238,0.22972972972973,-3,0.413297647323038,1.43261628728601,1.43261628728601,-3,0.329114552484625
671096,"Abbott, Andrew",L,CU,102,0.0984555984555985,-3,0.413297647323038,0.519144511876406,0.519144511876406,-3,0.0511126836017311
671096,"Abbott, Andrew",L,FF,475,0.458494208494209,-3,0.413297647323038,0.0331371654057702,0.0331371654057702,-3,0.0151931984244603
671096,"Abbott, Andrew",L,CH,196,0.189189189189189,-3,0.413297647323038,0.041777302501967,0.233427899948928,3,0.00790381398685863
641302,"Alexander, Tyler",L,ST,43,0.158088235294118,-3,0.405784958539343,2.41976853823421,2.41976853823421,-3,0.382536938029673
641302,"Alexander, Tyler",L,CH,67,0.246323529411765,-3,0.405784958539343,0.128436662639319,0.128436662639319,-3,0.0316369720471852
641302,"Alexander, Tyler",L,FF,62,0.227941176470588,-3,0.405784958539343,0.0386753804238267,0.0386753804238267,-3,0.00881571171425461
641302,"Alexander, Tyler",L,SI,57,0.209558823529412,-3,0.405784958539343,-0.0207661344597852,0,0,-0.00435172670664616
641302,"Alexander, Tyler",L,FC,43,0.158088235294118,-3,0.405784958539343,-0.0813022962854344,0.0296818317922955,-2,-0.0128529365451238
690997,"McLean, Nolan",R,FC,112,0.122137404580153,-3,0.405242807444681,1.26137517680861,1.26137517680861,-3,0.154061090297235
690997,"McLean, Nolan",R,ST,84,0.0916030534351145,-3,0.405242807444681,1.30945029160827,1.34598872407174,-2,0.119949645032819
690997,"McLean, Nolan",R,CU,132,0.143947655398037,-3,0.405242807444681,0.672625687563582,0.740915588139607,-2,0.0968228906852703
690997,"McLean, Nolan",R,CH,69,0.0752453653217012,-3,0.405242807444681,0.393385114994842,0.393385114994842,-3,0.0296004066899063
690997,"McLean, Nolan",R,SI,306,0.333696837513631,-3,0.405242807444681,0.0168701726862786,0.0626316964909631,3,0.00562952327372001
690997,"McLean, Nolan",R,FF,196,0.213740458015267,-3,0.405242807444681,-0.041056106836377,0.0451333465621948,3,-0.00877535107953096
820862,"Fermin, José",R,SL,134,0.585152838427948,-4,0.404570872088173,0.693620253084088,0.693620253084088,-4,0.405873859883266
820862,"Fermin, José",R,SI,72,0.314410480349345,-4,0.404570872088173,-0.133382142543113,0.0204435750197739,2,-0.041936743507005
642397,"Soto, Gregory",L,SL,101,0.315625,-4,0.402144471699703,0.817200605933982,0.817200605933982,-4,0.257928941247913
642397,"Soto, Gregory",L,ST,59,0.184375,-4,0.402144471699703,0.683684185925103,0.832012038041433,-5,0.126054271779941
642397,"Soto, Gregory",L,SI,97,0.303125,-4,0.402144471699703,0.0589286106863616,0.0600309421657723,-5,0.0178627351143034
642397,"Soto, Gregory",L,FF,63,0.196875,-4,0.402144471699703,0.00151631013356675,0.0166325977357762,-2,0.000298523557545954
573124,"Rogers, Taylor",L,ST,106,0.507177033492823,1,0.399489570303406,0.706609499884859,0.706609499884859,1,0.35837610998945
573124,"Rogers, Taylor",L,SI,81,0.38755980861244,1,0.399489570303406,-0.00242046100071822,0.0269424595632531,-2,-0.00093807340219223
693855,"Seymour, Ian",L,CH,230,0.328571428571429,-6,0.397110496110041,0.938111736813698,0.938111736813698,-6,0.308236713524501
693855,"Seymour, Ian",L,ST,160,0.228571428571429,-6,0.397110496110041,0.304348421145655,0.343035718351567,-5,0.0695653534047212
693855,"Seymour, Ian",L,SI,62,0.0885714285714286,-6,0.397110496110041,0.010678966996794,0.0178264366079929,-1,0.00094585136257318
693855,"Seymour, Ian",L,FF,210,0.3,-6,0.397110496110041,-0.0106494970448082,0.0109984222475928,5,-0.00319484911344247
702275,"Ritchie, JR",R,CU,113,0.27970297029703,-4,0.387936572178551,1.24484364578009,1.24484364578009,-4,0.348186465280076
702275,"Ritchie, JR",R,FF,62,0.153465346534653,-4,0.387936572178551,-0.00583167391566301,0.0130025642858792,-2,-0.000894959858344324
702275,"Ritchie, JR",R,SI,65,0.160891089108911,-4,0.387936572178551,-0.0317686319893628,0.0851292383677316,5,-0.00511128980026876
702275,"Ritchie, JR",R,CH,94,0.232673267326733,-4,0.387936572178551,-0.0922339574833519,0.0671643129381063,4,-0.0214603762461264
663947,"Holton, Tyler",L,ST,42,0.183406113537118,1,0.382682389907767,1.57381429292997,1.57381429292997,1,0.288647162895454
663947,"Holton, Tyler",L,SI,65,0.283842794759825,1,0.382682389907767,0.00803284237868695,0.0139475034240706,2,0.00228006443063167
663947,"Holton, Tyler",L,FC,62,0.270742358078603,1,0.382682389907767,-0.0314356639235629,0,0,-0.00851096577843188
669276,"Lee, Dylan",L,SL,117,0.481481481481482,-3,0.378053001132069,0.700230768328123,0.700230768328123,-3,0.337148147713541
669276,"Lee, Dylan",L,FF,101,0.415637860082305,-3,0.378053001132069,0.00483717180594787,0.0104827526458576,-2,0.00201051173827463
642546,"Hernández, Jonathan",R,SL,65,0.403726708074534,-4,0.375961770928983,0.920748498069318,0.920748498069318,-4,0.371730760090097
642546,"Hernández, Jonathan",R,SI,65,0.403726708074534,-4,0.375961770928983,-0.168824956211353,0.0347652983595273,3,-0.0681591438120371
642547,"Peralta, Freddy",R,CU,159,0.148737137511693,-5,0.375901616466542,1.85149160660745,1.85149160660745,-5,0.275385561693717
642547,"Peralta, Freddy",R,ST,69,0.0645463049579046,-5,0.375901616466542,1.72930998009272,1.72930998009272,-5,0.111620569341813
642547,"Peralta, Freddy",R,FF,559,0.522918615528531,-5,0.375901616466542,-0.0175633244748045,0.00579066458528916,-4,-0.00918418931844315
642547,"Peralta, Freddy",R,CH,243,0.227315247895229,-5,0.375901616466542,-0.0687777396503212,0.00238232477641469,1,-0.0156342289382863
668881,"Greene, Hunter",R,SL,69,0.361256544502618,-5,0.36914086822204,0.82911173375334,0.82911173375334,-5,0.299522039942306
668881,"Greene, Hunter",R,FF,91,0.476439790575916,-5,0.36914086822204,0.0203717504016043,0.0218306215049824,-4,0.00970591249500518
695239,"Ahlstrom, Robby",L,SL,42,0.232044198895028,4,0.367784080009456,1.34982135641823,1.34982135641823,4,0.313218215301467
695239,"Ahlstrom, Robby",L,SI,44,0.243093922651934,4,0.367784080009456,-0.0243756017864765,0.0987134561128577,-4,-0.00592556065527607
695239,"Ahlstrom, Robby",L,FF,60,0.331491712707182,4,0.367784080009456,-0.0320582468263331,0.0499965221092621,-2,-0.0106270431468507
676617,"O'Brien, Riley",R,ST,74,0.252559726962457,-2,0.35946234878517,1.32190216984891,1.40792384350986,-3,0.333859251088122
676617,"O'Brien, Riley",R,SI,195,0.665529010238908,-2,0.35946234878517,-0.00577122433645643,0.0127155337449074,3,-0.00384091722050854
663568,"Kolek, Stephen",R,SL,75,0.189393939393939,-10,0.359242970378609,1.82362678036093,1.82362678036093,-10,0.345383859916843
663568,"Kolek, Stephen",R,FF,111,0.28030303030303,-10,0.359242970378609,0.0646974689610711,0.0650010708354813,-9,0.0181348966027245
663568,"Kolek, Stephen",R,FC,50,0.126262626262626,-10,0.359242970378609,0.0660257672027672,0.163834640335195,-7,0.00833658676802616
663568,"Kolek, Stephen",R,SI,88,0.222222222222222,-10,0.359242970378609,-0.0334308080052153,0.160410159177931,10,-0.00742906844560339
663568,"Kolek, Stephen",R,CH,50,0.126262626262626,-10,0.359242970378609,-0.19911867831657,0.0160091283655828,-1,-0.0251412472621932
663556,"McClanahan, Shane",L,CH,218,0.315942028985507,-3,0.356545669224563,1.29868133842633,1.29868133842633,-3,0.410308017068029
663556,"McClanahan, Shane",L,FF,255,0.369565217391304,-3,0.356545669224563,0.0863154859773935,0.0863154859773935,-3,0.0318992013394715
663556,"McClanahan, Shane",L,CU,62,0.0898550724637681,-3,0.356545669224563,-0.166876519311951,0,0,-0.0149947017352767
663556,"McClanahan, Shane",L,SL,155,0.22463768115942,-3,0.356545669224563,-0.314581449928297,0.260508697074023,3,-0.070666847447661
686218,"Sheehan, Emmet",R,SL,270,0.324129651860744,-4,0.353372018095293,1.17632143492668,1.17632143492668,-4,0.381280657179116
686218,"Sheehan, Emmet",R,CU,64,0.0768307322929172,-4,0.353372018095293,0.455148719993655,0.455148719993655,-4,0.0349694094592964
686218,"Sheehan, Emmet",R,FF,361,0.433373349339736,-4,0.353372018095293,-0.0276661691170295,0.0234689520511387,4,-0.0119897803736467
686218,"Sheehan, Emmet",R,CH,138,0.165666266506603,-4,0.353372018095293,-0.307173386849068,0.413579604954106,4,-0.0508882681694735
673929,"Leasure, Jordan",R,SL,51,0.351724137931035,-3,0.348125758004832,0.853138326294212,0.853138326294212,-3,0.300069342351757
673929,"Leasure, Jordan",R,FF,82,0.56551724137931,-3,0.348125758004832,0.0340325752882662,0.0340325752882662,-3,0.019246008094054
694346,"Gibson, Trey",R,SL,70,0.277777777777778,-3,0.340447055061107,1.11178658149046,1.11178658149046,-3,0.308829605969573
694346,"Gibson, Trey",R,FF,46,0.182539682539683,-3,0.340447055061107,0.0214329796653651,0.0215047797455605,-2,0.00391236930399522
694346,"Gibson, Trey",R,FC,46,0.182539682539683,-3,0.340447055061107,-0.00690012803891868,0,0,-0.00125954718170738
694346,"Gibson, Trey",R,SI,55,0.218253968253968,-3,0.340447055061107,-0.0839374714707026,0.0336594754611836,3,-0.0183196862336851
695418,"Lord, Brad",R,ST,63,0.116022099447514,-4,0.340292118417793,2.25178773419053,2.25178773419053,-4,0.261257140430946
695418,"Lord, Brad",R,SL,114,0.209944751381215,-4,0.340292118417793,0.520743410059185,0.520743410059185,-4,0.109327345758282
695418,"Lord, Brad",R,FF,201,0.370165745856354,-4,0.340292118417793,-0.0161054007262602,0.0483780130990161,4,-0.00596166767215158
695418,"Lord, Brad",R,SI,137,0.252302025782689,-4,0.340292118417793,-0.165983572770869,0.196877044316247,4,-0.0418779916567386
622554,"Domínguez, Seranthony",R,ST,72,0.231511254019293,-3,0.333925664663324,1.24504185434148,1.24504185434148,-3,0.288241201005102
622554,"Domínguez, Seranthony",R,FF,154,0.495176848874598,-3,0.333925664663324,0.0443831305828321,0.0443831305828321,-3,0.0219774987451966
622554,"Domínguez, Seranthony",R,SI,50,0.160771704180064,-3,0.333925664663324,-0.0862906435053069,0.020035986662957,3,-0.0138730938111426
669302,"Gilbert, Logan",R,FS,156,0.14207650273224,-6,0.331033435244996,0.976827293447709,0.983089698219337,-5,0.138784205626451
669302,"Gilbert, Logan",R,SL,283,0.257741347905282,-6,0.331033435244996,0.516161815098719,0.517601470842904,-5,0.133036241960781
669302,"Gilbert, Logan",R,CU,77,0.0701275045537341,-6,0.331033435244996,1.58789456478336,1.58789456478336,-6,0.111355083322695
669302,"Gilbert, Logan",R,FC,62,0.0564663023679417,-6,0.331033435244996,0.222992338775379,0.222992338775379,-6,0.012591552827025
669302,"Gilbert, Logan",R,FF,454,0.413479052823315,-6,0.331033435244996,-0.0107656204557767,0.01732936353828,3,-0.00445135854910986
669302,"Gilbert, Logan",R,CH,60,0.0546448087431694,-6,0.331033435244996,-1.13626924947857,0.894388277418594,6,-0.0620912158185012
676742,"Sanders, Cam",R,SL,52,0.385185185185185,-1,0.325105869704677,0.593441912485288,0.593441912485288,-1,0.228585032957296
676742,"Sanders, Cam",R,FF,59,0.437037037037037,-1,0.325105869704677,0.0886063065760024,0.0957276896566724,-2,0.0387242376887714
608718,"Suter, Brent",L,SL,51,0.102204408817635,3,0.321300028420828,3.04975455522527,3.04975455522527,3,0.311698361355689
608718,"Suter, Brent",L,FF,143,0.286573146292585,3,0.321300028420828,0.412528442473612,0.412528442473612,3,0.118219573694843
608718,"Suter, Brent",L,SI,151,0.302605210420842,3,0.321300028420828,0.054108458649557,0.054108458649557,3,0.0163735015151966
608718,"Suter, Brent",L,CH,154,0.308617234468938,3,0.321300028420828,-0.405004627690294,0.0758310185132442,-1,-0.1249914081449
668941,"Romero, JoJo",L,ST,76,0.345454545454545,-3,0.321119743855907,0.535179416540164,0.535179416540164,-3,0.184880162077511
668941,"Romero, JoJo",L,CH,44,0.2,-3,0.321119743855907,0.369807194540891,0.369807194540891,-3,0.0739614389081782
668941,"Romero, JoJo",L,SI,93,0.422727272727273,-3,0.321119743855907,0.123154335746844,0.123154335746844,-3,0.0520606964748021
805673,"Matthews, Zebby",R,SL,157,0.251602564102564,-4,0.320038843070579,0.919168002403677,0.928420743418584,-5,0.231265026245797
805673,"Matthews, Zebby",R,CU,70,0.112179487179487,-4,0.320038843070579,0.441237604375411,0.523428699419227,-5,0.049497808183139
805673,"Matthews, Zebby",R,FC,65,0.104166666666667,-4,0.320038843070579,0.193736516397368,0.216157122339469,-5,0.0201808871247259
805673,"Matthews, Zebby",R,CH,77,0.123397435897436,-4,0.320038843070579,0.0389545233271121,0.04476214973639,-2,0.00480688829517249
805673,"Matthews, Zebby",R,FF,232,0.371794871794872,-4,0.320038843070579,0.0067024316368333,0.0067024316368333,-4,0.00249192971113033
684007,"Imanaga, Shota",L,FS,388,0.38877755511022,-4,0.317163176368553,0.480512158961979,0.539467105905348,-5,0.186812342361972
684007,"Imanaga, Shota",L,ST,139,0.139278557114228,-4,0.317163176368553,0.761933598195711,0.761933598195711,-4,0.106121012173551
684007,"Imanaga, Shota",L,FF,373,0.37374749498998,-4,0.317163176368553,0.0165392524074734,0.0189278536560903,-5,0.00618150415630016
684007,"Imanaga, Shota",L,SI,60,0.0601202404809619,-4,0.317163176368553,0.0993336723228697,0.159132476611697,-5,0.005971964267908
543243,"Gray, Sonny",R,ST,204,0.244897959183673,-4,0.316216099630935,0.779361234557069,0.779361234557069,-4,0.190863975809894
543243,"Gray, Sonny",R,FC,173,0.207683073229292,-4,0.316216099630935,0.399296380405113,0.399296380405113,-4,0.0829270994118663
543243,"Gray, Sonny",R,CU,120,0.14405762304922,-4,0.316216099630935,0.302274190974784,0.302274190974784,-4,0.0435449014609532
543243,"Gray, Sonny",R,SI,167,0.200480192076831,-4,0.316216099630935,-0.029628259586513,0.145143775219118,4,-0.00593987917280632
543243,"Gray, Sonny",R,FF,139,0.16686674669868,-4,0.316216099630935,-0.0393627426051232,0.0129690687970918,-1,-0.00656833279965441
673513,"Matsui, Yuki",L,SL,75,0.248344370860927,-3,0.315133127872843,0.726503985072914,0.726503985072914,-3,0.180423175100889
673513,"Matsui, Yuki",L,FS,93,0.30794701986755,-3,0.315133127872843,0.321804385796899,0.321804385796899,-3,0.0990987015864624
673513,"Matsui, Yuki",L,FF,116,0.384105960264901,-3,0.315133127872843,0.0438120823819598,0.0794010691722637,3,0.0168284819745276
666157,"Lodolo, Nick",L,CH,149,0.267025089605735,-3,0.30960422754124,0.482562746939087,0.482562746939087,-3,0.128856360741799
666157,"Lodolo, Nick",L,SI,143,0.256272401433692,-3,0.30960422754124,0.288350320056155,0.288350320056155,-3,0.0738962289749643
666157,"Lodolo, Nick",L,FF,139,0.24910394265233,-3,0.30960422754124,0.255576655069038,0.255576655069038,-3,0.0636651524275918
666157,"Lodolo, Nick",L,CU,127,0.227598566308244,-3,0.30960422754124,0.189748494893399,1.08019742541818,3,0.0431864853968848
680767,"Vodnik, Victor",R,SL,79,0.26510067114094,-6,0.305968446638827,0.858622264358219,0.858622264358219,-6,0.227621338537917
680767,"Vodnik, Victor",R,CH,48,0.161073825503356,-6,0.305968446638827,0.202469649120413,0.202469649120413,-6,0.032612560932147
680767,"Vodnik, Victor",R,FF,156,0.523489932885906,-6,0.305968446638827,0.0579446689532632,0.0579446689532632,-6,0.0303334508614398
621074,"Rucker, Michael",R,CU,52,0.300578034682081,2,0.304771202935167,0.736082514944659,0.736082514944659,2,0.221250235705909
621074,"Rucker, Michael",R,FF,69,0.398843930635838,2,0.304771202935167,-0.0202750032169149,0.0030868226027878,1,-0.0080865619766886
543135,"Eovaldi, Nathan",R,CU,194,0.209051724137931,-2,0.301347543393157,1.17810819033774,1.17810819033774,-2,0.246285548411123
543135,"Eovaldi, Nathan",R,FS,366,0.394396551724138,-2,0.301347543393157,0.133366452445355,0.133366452445355,-2,0.0525992689601291
543135,"Eovaldi, Nathan",R,FF,111,0.119612068965517,-2,0.301347543393157,0.0184559496122957,0.0184559496122957,-2,0.00220755431785002
543135,"Eovaldi, Nathan",R,SI,79,0.0851293103448276,-2,0.301347543393157,-0.0141917463624077,0.0210684405805309,2,-0.00120813358042048
543135,"Eovaldi, Nathan",R,FC,169,0.182112068965517,-2,0.301347543393157,-0.00801290287896556,0.00749444990619408,-1,-0.00145924632170817
656730,"Megill, Trevor",R,CU,103,0.343333333333333,-3,0.299713071561317,0.873109453865524,0.873109453865524,-3,0.299767579160497
656730,"Megill, Trevor",R,FF,197,0.656666666666667,-3,0.299713071561317,-8.30064962131673e-05,0.0471069925177847,3,-5.45075991799799e-05
696147,"Bachman, Sam",R,SL,85,0.442708333333333,-3,0.292922436020362,0.499303927517701,0.499303927517701,-3,0.221046009578149
696147,"Bachman, Sam",R,SI,69,0.359375,-3,0.292922436020362,0.0386843667845101,0.0467367167601309,-2,0.0139021943131833
663558,"Morán, Jovani",L,CH,118,0.386885245901639,-2,0.291841256471574,0.75917301593451,0.75917301593451,-2,0.293712838951712
663558,"Morán, Jovani",L,FF,116,0.380327868852459,-2,0.291841256471574,-0.00433720612402296,0.00767611428641918,2,-0.00164956036192349
663558,"Morán, Jovani",L,FC,41,0.134426229508197,-2,0.291841256471574,-0.215194010736647,0.317677292508204,2,-0.0289277194760738
608566,"Márquez, Germán",R,CU,121,0.352769679300292,-6,0.291437644391976,0.7864745846646,0.7864745846646,-6,0.277444387009961
608566,"Márquez, Germán",R,SL,51,0.14868804664723,-6,0.291437644391976,0.186437731532003,0.227764455334661,-4,0.0277210621228343
608566,"Márquez, Germán",R,FF,111,0.323615160349854,-6,0.291437644391976,0.00947470063400291,0.0304962967704697,6,0.00306615676493972
608566,"Márquez, Germán",R,SI,55,0.160349854227405,-6,0.291437644391976,-0.131227582153369,0.0642844228857061,6,-0.0210423236689075
677944,"Cecconi, Slade",R,CU,97,0.11520190023753,-3,0.284319860928123,1.22151221524948,1.22151221524948,-3,0.140720528360094
677944,"Cecconi, Slade",R,FC,223,0.264845605700713,-3,0.284319860928123,0.285667997281564,0.285667997281564,-3,0.0756579137693453
677944,"Cecconi, Slade",R,SL,48,0.0570071258907364,-3,0.284319860928123,0.940885223001143,0.940885223001143,-3,0.0536371623563597
677944,"Cecconi, Slade",R,ST,42,0.0498812351543943,-3,0.284319860928123,0.33616239690926,0.33616239690926,-3,0.0167681955702957
677944,"Cecconi, Slade",R,FF,218,0.258907363420428,-3,0.284319860928123,-0.000873065624326588,0.0156399449636734,2,-0.000226043118887406
677944,"Cecconi, Slade",R,SI,195,0.231591448931116,-3,0.284319860928123,-0.0373660810117079,0.0378506631524001,3,-0.00865366484237892
669461,"Liberatore, Matthew",L,CU,109,0.117965367965368,3,0.282984804597525,2.40560862265827,2.40560862265827,3,0.283778506352544
669461,"Liberatore, Matthew",L,SL,247,0.267316017316017,3,0.282984804597525,0.264251382190066,0.264251382190066,3,0.0706386270573012
669461,"Liberatore, Matthew",L,FC,40,0.0432900432900433,3,0.282984804597525,0.179278811465375,0.179278811465375,3,0.0077609875093236
669461,"Liberatore, Matthew",L,SI,86,0.0930735930735931,3,0.282984804597525,-0.0653925930506905,0.0974111815282917,-3,-0.00608632359562704
669461,"Liberatore, Matthew",L,FF,297,0.321428571428571,3,0.282984804597525,-0.0305600142206412,0.045331178677496,-3,-0.00982286171377751
669461,"Liberatore, Matthew",L,CH,143,0.154761904761905,3,0.282984804597525,-0.412870675975554,0.352243246286536,-3,-0.063896652234312
622608,"Senzatela, Antonio",R,FC,110,0.277777777777778,-5,0.282394256508063,0.791477141212712,0.791477141212712,-5,0.219854761447976
622608,"Senzatela, Antonio",R,FF,174,0.439393939393939,-5,0.282394256508063,0.046710949233879,0.046710949233879,-5,0.0205245079967044
622608,"Senzatela, Antonio",R,SI,64,0.161616161616162,-5,0.282394256508063,0.0481720400736352,0.0988389008237616,5,0.00778538021392084
605488,"Springs, Jeffrey",L,CH,221,0.276942355889724,-3,0.28091423436918,1.01512109182644,1.01512109182644,-3,0.281130026683762
605488,"Springs, Jeffrey",L,FF,342,0.428571428571429,-3,0.28091423436918,0.0166448766387373,0.0166448766387373,-3,0.00713351855945886
605488,"Springs, Jeffrey",L,SL,187,0.234335839598998,-3,0.28091423436918,-0.103468627418211,0.134913572195039,1,-0.0242464076782023
690986,"Harrison, Kyle",L,ST,200,0.264200792602378,-2,0.2776007074124,1.07743703804206,1.07743703804206,-2,0.284659719429871
690986,"Harrison, Kyle",L,FF,474,0.626155878467635,-2,0.2776007074124,0.0215148563443065,0.0215148563443065,-2,0.0134716537743742
690986,"Harrison, Kyle",L,CH,68,0.0898282694848085,-2,0.2776007074124,-0.289790067876667,0.192121823453635,2,-0.0260313403112462
666200,"Luzardo, Jesús",L,CH,240,0.220385674931129,-3,0.273703752680581,0.793945184140841,0.793945184140841,-3,0.174974145265199
666200,"Luzardo, Jesús",L,ST,382,0.350780532598714,-3,0.273703752680581,0.226887421325121,0.514878349458653,3,0.0795876904923749
666200,"Luzardo, Jesús",L,SI,179,0.164370982552801,-3,0.273703752680581,0.0603267394901741,0.0603267394901741,-3,0.00991596544420675
666200,"Luzardo, Jesús",L,FF,288,0.264462809917355,-3,0.273703752680581,0.0348856290292138,0.0348856290292138,-3,0.00922595147880034
527048,"Pérez, Martín",L,CH,262,0.388148148148148,-4,0.271988958366989,0.479697565157802,0.479697565157802,-4,0.186193721587176
527048,"Pérez, Martín",L,SI,196,0.29037037037037,-4,0.271988958366989,0.149294952865181,0.149294952865181,-4,0.0433508307578897
527048,"Pérez, Martín",L,CU,46,0.0681481481481482,-4,0.271988958366989,0.448849872914479,0.448849872914479,-4,0.0305882876356534
527048,"Pérez, Martín",L,FC,143,0.211851851851852,-4,0.271988958366989,0.0027076159192753,0.0875516815227596,1,0.000573613446602027
687911,"King, Bryan",L,ST,96,0.248704663212435,-2,0.271806738552113,1.0787761597058,1.0787761597058,-2,0.268296661481236
687911,"King, Bryan",L,FF,247,0.639896373056995,-2,0.271806738552113,0.00113235823076146,0.0160624582913577,2,0.000724591924865497
687911,"King, Bryan",L,SI,40,0.103626943005181,-2,0.271806738552113,0.006494426267607,0.00685531491341849,-1,0.000672997540684663
688107,"Gasser, Robert",L,ST,151,0.259896729776248,-2,0.270999961797855,1.01789383662339,1.01789383662339,-2,0.264547279397817
688107,"Gasser, Robert",L,CH,53,0.0912220309810671,-2,0.270999961797855,0.123094595113666,0.123094595113666,-2,0.0112289389690608
688107,"Gasser, Robert",L,FF,156,0.268502581755594,-2,0.270999961797855,0.0368875457927655,0.0368875457927655,-2,0.00990440127998522
688107,"Gasser, Robert",L,SI,109,0.187607573149742,-2,0.270999961797855,0.000881962312418319,0.027283190094322,2,0.000165462809042335
688107,"Gasser, Robert",L,FC,112,0.192771084337349,-2,0.270999961797855,-0.0770142509136351,0.516296160374919,2,-0.0148461206580501
696062,"Dotel, Wilber",R,SL,47,0.237373737373737,-13,0.269456295128383,1.04364744860547,1.04364744860547,-13,0.247734495376046
696062,"Dotel, Wilber",R,FC,46,0.232323232323232,-13,0.269456295128383,0.0888762747419242,0.166444077330725,-6,0.0206480234248915
696062,"Dotel, Wilber",R,FF,90,0.454545454545455,-13,0.269456295128383,-0.0425470746010168,0.0894738591435692,13,-0.0193395793640986
607200,"Fedde, Erick",R,ST,310,0.414993306559572,-3,0.269313025934715,0.614816319148264,0.614816319148264,-3,0.255144657210123
607200,"Fedde, Erick",R,FC,149,0.19946452476573,-3,0.269313025934715,0.0505752372521654,0.0505752372521654,-3,0.0100879656634172
607200,"Fedde, Erick",R,SI,208,0.278447121820616,-3,0.269313025934715,0.0179986181244869,0.0179986181244869,-3,0.00501166341351174
607200,"Fedde, Erick",R,CH,74,0.0990629183400268,-3,0.269313025934715,-0.0312368870108667,0.127548908310085,3,-0.00309441718715413
695505,"Burns, Chase",R,SL,399,0.39662027833002,-3,0.26879427599676,0.699880381965896,0.699880381965896,-3,0.277586751893034
695505,"Burns, Chase",R,FF,566,0.562624254473161,-3,0.26879427599676,-0.00708652785311784,0.00511353237820786,2,-0.00398705245016372
695505,"Burns, Chase",R,CH,41,0.0407554671968191,-3,0.26879427599676,-0.117908682604571,0.119012980207767,2,-0.00480542344611077
677865,"Bruihl, Justin",L,ST,144,0.390243902439024,-2,0.267334108430063,0.645415894135764,0.645415894135764,-2,0.251869617223713
677865,"Bruihl, Justin",L,SI,175,0.474254742547426,-2,0.267334108430063,-0.0437731895220571,0.0162370486247723,-1,-0.0207596427272628
680802,"Weiss, Ryan",R,ST,71,0.316964285714286,-2,0.267018390182658,0.582172884753851,0.582172884753851,-2,0.184528012578229
680802,"Weiss, Ryan",R,FF,90,0.401785714285714,-2,0.267018390182658,0.0183965111320501,0.0183965111320501,-2,0.00739145536555585
686930,"Barnett, Mason",R,SL,52,0.231111111111111,-2,0.265046561487435,0.472207030848777,0.472207030848777,-2,0.10913229157394
686930,"Barnett, Mason",R,ST,42,0.186666666666667,-2,0.265046561487435,0.522664284741106,0.522664284741106,-2,0.0975639998183397
686930,"Barnett, Mason",R,FF,101,0.448888888888889,-2,0.265046561487435,0.0512615240275942,0.0742335130684705,2,0.0230107285634978
641312,"Anderson, Shaun",R,SL,42,0.291666666666667,-5,0.26388538919963,0.535520182828255,0.535520182828255,-5,0.156193386658241
641312,"Anderson, Shaun",R,FF,41,0.284722222222222,-5,0.26388538919963,-0.014374643297986,0.0658754830742691,3,-0.00409278038345434
678906,"Teng, Kai-Wei",R,ST,191,0.378217821782178,-3,0.26308911127532,0.63248314173728,0.63248314173728,-3,0.239216396181823
678906,"Teng, Kai-Wei",R,FF,143,0.283168316831683,-3,0.26308911127532,0.0270479298975263,0.0304651392854873,-4,0.00765911678286387
678906,"Teng, Kai-Wei",R,SI,71,0.140594059405941,-3,0.26308911127532,-0.0173200369232774,0.0468541128795029,4,-0.00243509430010435
678906,"Teng, Kai-Wei",R,CH,53,0.104950495049505,-3,0.26308911127532,-0.055615065311656,0.180846649536772,3,-0.00583682863666885
647336,"Soroka, Michael",R,ST,218,0.314121037463977,-1,0.260530688404121,0.829087515371721,0.829087515371721,-1,0.260433830476996
647336,"Soroka, Michael",R,FF,234,0.337175792507205,-1,0.260530688404121,0.0052940177198134,0.0052940177198134,-1,0.00178501462022527
647336,"Soroka, Michael",R,CH,89,0.128242074927954,-1,0.260530688404121,0.0125373723629864,0.0125373723629864,-1,0.00160781864597376
647336,"Soroka, Michael",R,SI,74,0.106628242074928,-1,0.260530688404121,-0.00879116298531175,0.0568123453736937,2,-0.000937386254917967
647336,"Soroka, Michael",R,FC,79,0.113832853025937,-1,0.260530688404121,-0.0207197572709379,0.00702186659344039,-2,-0.00235858908415575
677955,"Hill, Jaden",R,SL,44,0.234042553191489,-2,0.258272319015906,0.943613562096694,0.943613562096694,-2,0.220845727299226
677955,"Hill, Jaden",R,FF,70,0.372340425531915,-2,0.258272319015906,0.00316458732437435,0.00316458732437435,-2,0.00117830379099045
677955,"Hill, Jaden",R,SI,40,0.212765957446809,-2,0.258272319015906,-0.0491645179127812,0.0861388272053268,2,-0.0104605357261237
594580,"Moll, Sam",L,ST,88,0.29042904290429,-4,0.252167676924092,0.512905391760294,1.10444967514116,5,0.148962622029392
594580,"Moll, Sam",L,SI,136,0.448844884488449,-4,0.252167676924092,0.122056165254159,0.126922494007322,-5,0.054784285394606
594580,"Moll, Sam",L,FF,47,0.155115511551155,-4,0.252167676924092,0.140470797807605,0.143357257506538,-5,0.0217891996599256
668678,"Gallen, Zac",R,SL,172,0.238557558945908,-3,0.249712895024971,0.761318013606226,0.761318013606226,-3,0.181618166907449
668678,"Gallen, Zac",R,CU,148,0.205270457697642,-3,0.249712895024971,0.435273250365347,0.435273250365347,-3,0.0893487393260351
668678,"Gallen, Zac",R,FF,230,0.319001386962552,-3,0.249712895024971,0.0301182941266744,0.0301182941266744,-3,0.00960777759935523
668678,"Gallen, Zac",R,SI,44,0.0610263522884882,-3,0.249712895024971,-0.0926480788758256,0.0236343314940362,1,-0.00565397430032777
668678,"Gallen, Zac",R,CH,127,0.176144244105409,-3,0.249712895024971,-0.143108931180607,0.0347163474541734,1,-0.0252078145075411
678020,"Halvorsen, Seth",R,SL,45,0.290322580645161,-4,0.249250571137782,0.70903408763903,0.70903408763903,-4,0.205848606088751
678020,"Halvorsen, Seth",R,FF,96,0.619354838709677,-4,0.249250571137782,0.0337270477778225,0.0337270477778225,-4,0.0208890102365868
694738,"Roupp, Landen",R,CU,260,0.274261603375527,3,0.248879943327874,0.590339242265863,0.590339242265863,3,0.16190738711933
694738,"Roupp, Landen",R,CH,245,0.258438818565401,3,0.248879943327874,0.390987802927912,0.390987802927912,3,0.101046425862171
694738,"Roupp, Landen",R,SI,272,0.286919831223629,3,0.248879943327874,0.0784823556234679,0.0784823556234679,3,0.0225181442295182
694738,"Roupp, Landen",R,FF,43,0.0453586497890295,3,0.248879943327874,0.00550263130706197,0.0134837398660728,1,0.000249591926375174
694738,"Roupp, Landen",R,FC,128,0.135021097046414,3,0.248879943327874,-0.272858143026757,0.129255500901599,-3,-0.0368416058095199
683618,"Henriquez, Edgardo",R,SL,55,0.180327868852459,-2,0.248624759171526,1.32088258704576,1.32088258704576,-2,0.238191941926285
683618,"Henriquez, Edgardo",R,FF,103,0.337704918032787,-2,0.248624759171526,-0.0106645262552245,0,0,-0.00360146296487909
683618,"Henriquez, Edgardo",R,SI,103,0.337704918032787,-2,0.248624759171526,-0.0646508149462183,0.0604583947868553,2,-0.0218328981621655
684974,"Yoho, Craig",R,CH,85,0.551948051948052,-4,0.247633780324256,0.247633780324256,0.247633780324256,-4,0.136680982646505
669020,"Rolison, Ryan",L,CU,50,0.179856115107914,-3,0.247234901018235,0.831544555537075,0.831544555537075,-3,0.149558373298035
669020,"Rolison, Ryan",L,ST,43,0.154676258992806,-3,0.247234901018235,0.117459683600937,0.32193115531375,-2,0.0181682244418716
669020,"Rolison, Ryan",L,FF,111,0.399280575539568,-3,0.247234901018235,0.0343056363605943,0.0343056363605943,-3,0.0136975742303092
607192,"Glasnow, Tyler",R,SL,46,0.182539682539683,-2,0.244696671779567,0.835827357842668,0.835827357842668,-2,0.152571660558582
607192,"Glasnow, Tyler",R,CU,68,0.26984126984127,-2,0.244696671779567,0.306015538642012,0.318513928705828,-1,0.0825756215383206
607192,"Glasnow, Tyler",R,FF,83,0.329365079365079,-2,0.244696671779567,0.0313661760227536,0.0313661760227536,-2,0.0103309230551133
607192,"Glasnow, Tyler",R,SI,55,0.218253968253968,-2,0.244696671779567,-0.00358084381558361,0,0,-0.000781533372448804
592155,"Booser, Cam",L,FC,60,0.397350993377483,2,0.241904245313309,0.536256902701186,0.536256902701186,2,0.213082212993849
592155,"Booser, Cam",L,FF,79,0.52317880794702,2,0.241904245313309,0.0183452650187197,0.0287790172592174,-1,0.00959785388396592
676477,"Whitlock, Garrett",R,SL,69,0.233898305084746,-10,0.241652997151679,2.86612862917423,2.86612862917423,-10,0.670382628518719
676477,"Whitlock, Garrett",R,SI,169,0.572881355932203,-10,0.241652997151679,-0.100128747553733,0.0751869284504922,8,-0.057361892666376
676477,"Whitlock, Garrett",R,CH,57,0.193220338983051,-10,0.241652997151679,-1.92199092836309,1.45283045929933,8,-0.371367738700664
702273,"Schultz, Noah",L,ST,79,0.159274193548387,-4,0.240600265079303,0.980506718630048,0.980506718630048,-4,0.156169416878576
702273,"Schultz, Noah",L,CH,62,0.125,-4,0.240600265079303,0.404503992093827,0.404503992093827,-4,0.0505629990117283
702273,"Schultz, Noah",L,SI,117,0.235887096774194,-4,0.240600265079303,0.100975847078346,0.100975847078346,-4,0.0238188994116259
702273,"Schultz, Noah",L,FF,121,0.243951612903226,-4,0.240600265079303,0.0174361190642419,0.0205109103590477,-3,0.00425356936849449
702273,"Schultz, Noah",L,FC,101,0.203629032258065,-4,0.240600265079303,-0.00965441146995289,0.145380194008007,4,-0.00196591846464767
643410,"Leiter Jr., Mark",R,FS,56,0.363636363636364,-3,0.239857993688885,0.449329855591372,0.449329855591372,-3,0.163392674760499
643410,"Leiter Jr., Mark",R,SI,46,0.298701298701299,-3,0.239857993688885,-0.0151512294967507,0.0464732708710792,3,-0.00452569192760087
664126,"Fairbanks, Pete",R,FC,59,0.220973782771536,-4,0.235630391165246,0.72476902748523,0.72476902748523,-4,0.160154953639058
664126,"Fairbanks, Pete",R,FF,147,0.550561797752809,-4,0.235630391165246,0.070551801724469,0.070551801724469,-4,0.0388431267921234
664126,"Fairbanks, Pete",R,SL,56,0.209737827715356,-4,0.235630391165246,0.153619196610158,0.153619196610158,-4,0.0322197565923928
607074,"Rodón, Carlos",L,SL,92,0.236503856041131,3,0.234281874359932,0.767763819146178,0.767763819146178,3,0.181579103756937
607074,"Rodón, Carlos",L,CH,66,0.169665809768638,3,0.234281874359932,0.354592707033657,0.392929470378369,2,0.0601622587769187
607074,"Rodón, Carlos",L,FF,168,0.431876606683805,3,0.234281874359932,-0.0103003962528361,0.0190597462466583,-2,-0.00444850018117343
607074,"Rodón, Carlos",L,SI,60,0.154241645244216,3,0.234281874359932,-0.0312353325376624,0.0638152057207714,-3,-0.00481778908035923
664141,"Brubaker, JT",R,SL,104,0.284931506849315,-2,0.230718954322889,0.682546582551848,0.682546582551848,-2,0.194479026261348
664141,"Brubaker, JT",R,SI,154,0.421917808219178,-2,0.230718954322889,0.0276195459405196,0.0457225962110076,2,0.0116531782872329
664141,"Brubaker, JT",R,CH,50,0.136986301369863,-2,0.230718954322889,-0.08353633457565,0.0980825643282488,2,-0.0114433335035137
663574,"Santillan, Tony",R,ST,41,0.221621621621622,-1,0.226398371877708,1.02706805250098,1.02706805250098,-1,0.227620487311028
663574,"Santillan, Tony",R,FF,140,0.756756756756757,-1,0.226398371877708,-0.00808346316196447,0.00881317789690691,2,-0.00611721536581095
670059,"Holderman, Colin",R,ST,86,0.299651567944251,-2,0.22565829991887,0.611829951849913,0.643474088244847,-4,0.183335804387082
670059,"Holderman, Colin",R,SI,156,0.543554006968641,-2,0.22565829991887,0.012768799495347,0.149205103619782,3,0.00694053212987503
702056,"Yesavage, Trey",R,FS,195,0.273109243697479,4,0.225625474764034,0.587532081359655,0.587532081359655,4,0.160460442388141
702056,"Yesavage, Trey",R,SL,187,0.261904761904762,4,0.225625474764034,0.214241194176646,0.214241194176646,4,0.0561107889510264
702056,"Yesavage, Trey",R,FF,332,0.464985994397759,4,0.225625474764034,0.0194720777269709,0.0194720777269709,4,0.00905424342486602
674841,"Alvarez, Andrew",L,CU,168,0.315196998123827,-2,0.223572396310808,0.749246127841294,0.749246127841294,-2,0.236160130351477
674841,"Alvarez, Andrew",L,SI,69,0.129455909943715,-2,0.223572396310808,0.0601618466757545,0.0601618466757545,-2,0.00778830660530405
674841,"Alvarez, Andrew",L,FF,145,0.272045028142589,-2,0.223572396310808,-0.0128981725509411,0,0,-0.00350888371460874
674841,"Alvarez, Andrew",L,SL,135,0.25328330206379,-2,0.223572396310808,-0.0930915035954815,0.126274537036716,-1,-0.0235785234247467
681892,"Funderburk, Kody",L,FC,55,0.325443786982249,-5,0.222064607347119,0.50417276483707,0.50417276483707,-5,0.164079893881887
681892,"Funderburk, Kody",L,SI,68,0.402366863905325,-5,0.222064607347119,-0.00611110826975345,0.0119893448223992,-3,-0.00245890746948659
699134,"Rodriguez, Bradgley",R,CH,161,0.436314363143631,3,0.221462975546723,0.382267823858656,0.382267823858656,3,0.166788942117191
699134,"Rodriguez, Bradgley",R,SI,93,0.252032520325203,3,0.221462975546723,0.136093371923099,0.136093371923099,3,0.0342999555253339
699134,"Rodriguez, Bradgley",R,FF,89,0.241192411924119,3,0.221462975546723,0.0197752514880248,0.0197752514880248,3,0.00476964060280272
676974,"Meyer, Max",R,ST,253,0.310810810810811,-1,0.221308915591111,0.540070246502085,0.540070246502085,-1,0.167859671210107
676974,"Meyer, Max",R,SL,225,0.276412776412776,-1,0.221308915591111,0.2565780530191,0.2565780530191,-1,0.0709214520015939
676974,"Meyer, Max",R,FF,180,0.221130221130221,-1,0.221308915591111,-0.00305464327941281,0.0104766039594162,1,-0.000675473943850499
676974,"Meyer, Max",R,SI,77,0.0945945945945946,-1,0.221308915591111,-0.0382706803205603,0.0696246769931509,1,-0.00362019948978273
676974,"Meyer, Max",R,CH,79,0.097051597051597,-1,0.221308915591111,-0.13576833959725,0.00246916057298472,1,-0.0131765341869566
656302,"Cease, Dylan",R,SL,350,0.351758793969849,-4,0.218262318558119,0.821331715812321,0.821331715812321,-4,0.288910653803329
656302,"Cease, Dylan",R,FF,391,0.392964824120603,-4,0.218262318558119,0.0603356780695387,0.0603356780695387,-4,0.0237097991207936
656302,"Cease, Dylan",R,SI,84,0.0844221105527638,-4,0.218262318558119,-0.0353473721406669,0.0420075461174642,4,-0.00298409975860907
656302,"Cease, Dylan",R,CU,52,0.0522613065326633,-4,0.218262318558119,-0.0620840912357748,0.0981595439442447,1,-0.00324459572287466
656302,"Cease, Dylan",R,CH,89,0.0894472361809045,-4,0.218262318558119,-1.05638650481217,1.00334504249137,4,-0.0944908531942541
669211,"Akin, Keegan",L,SL,51,0.271276595744681,-5,0.217213542381915,0.444667735667936,0.444667735667936,-5,0.120627949569493
669211,"Akin, Keegan",L,CH,47,0.25,-5,0.217213542381915,0.361920352733879,0.361920352733879,-5,0.0904800881834698
669211,"Akin, Keegan",L,FF,90,0.478723404255319,-5,0.217213542381915,0.0127537207804774,0.0127537207804774,-5,0.00610550462895196
689441,"Crow, Coleman",R,FC,52,0.348993288590604,1,0.216700389713057,0.216700389713057,0.216700389713057,1,0.0756269816448253
657514,"Bernardino, Brennan",L,CU,69,0.262357414448669,2,0.216625696463102,0.499858464212792,0.499858464212792,2,0.131141574261151
657514,"Bernardino, Brennan",L,SI,133,0.505703422053232,2,0.216625696463102,0.069685388382435,0.069685388382435,2,0.0352401393721059
694973,"Skenes, Paul",R,SL,86,0.0798514391829155,-6,0.213558150195979,2.1227920410326,2.1227920410326,-6,0.169507999562492
694973,"Skenes, Paul",R,ST,131,0.121634168987929,-6,0.213558150195979,0.86133085504184,0.86133085504184,-6,0.104767262776677
694973,"Skenes, Paul",R,FS,136,0.12627669452182,-6,0.213558150195979,0.00802264808009232,0.0903541883397547,3,0.00101307348086588
694973,"Skenes, Paul",R,FF,475,0.441039925719591,-6,0.213558150195979,-0.00218532007497248,0.00778322142057875,-3,-0.000963813403539395
694973,"Skenes, Paul",R,SI,94,0.0872794800371402,-6,0.213558150195979,-0.0868384357680728,0.0385868608186214,2,-0.00757921352107599
694973,"Skenes, Paul",R,CH,150,0.139275766016713,-6,0.213558150195979,-0.389002404468515,0.385996842405965,3,-0.0541786078646957
690928,"Dobbins, Hunter",R,ST,65,0.173333333333333,-4,0.212851949868805,1.32554110724546,1.32554110724546,-4,0.229760458589213
690928,"Dobbins, Hunter",R,SI,43,0.114666666666667,-4,0.212851949868805,-0.0577030449700789,0.529519324067846,13,-0.00661661582323571
690928,"Dobbins, Hunter",R,SL,57,0.152,-4,0.212851949868805,-0.0894483895543083,0.17535650654869,3,-0.0135961552122549
690928,"Dobbins, Hunter",R,FF,133,0.354666666666667,-4,0.212851949868805,-0.113913547155955,0,0,-0.0404013380579786
640448,"Finnegan, Kyle",R,SL,45,0.144694533762058,-4,0.209626499765224,0.846584472585412,0.846584472585412,-4,0.122496145550944
640448,"Finnegan, Kyle",R,FS,104,0.334405144694534,-4,0.209626499765224,0.26782174905812,0.26782174905812,-4,0.0895609707461238
640448,"Finnegan, Kyle",R,FF,162,0.520900321543408,-4,0.209626499765224,-0.00466618358891029,0.0102210599955889,3,-0.00243061653184395
682120,"Herrin, Tim",L,CU,47,0.209821428571429,-3,0.20920177341458,1.15297185353187,1.15297185353187,-3,0.241918201410705
682120,"Herrin, Tim",L,SI,59,0.263392857142857,-3,0.20920177341458,0.050700266858928,0.050700266858928,-3,0.0133540881458784
682120,"Herrin, Tim",L,FF,61,0.272321428571429,-3,0.20920177341458,0.0122669015961689,0.0229328833701124,-2,0.00334054016681384
682120,"Herrin, Tim",L,SL,57,0.254464285714286,-3,0.20920177341458,-0.194176782687283,0.306354291893596,2,-0.0494110563088174
686751,"Johnson, Seth",R,SL,57,0.358490566037736,-8,0.206572491382947,0.439179037306193,0.439179037306193,-8,0.157441541675805
686751,"Johnson, Seth",R,FF,76,0.477987421383648,-8,0.206572491382947,0.0321175819405128,0.081846541461281,8,0.0153518001728237
605400,"Nola, Aaron",R,CU,365,0.376676986584107,3,0.206356612211737,0.506604638444801,0.506604638444801,3,0.190826308598919
605400,"Nola, Aaron",R,FF,206,0.212590299277606,3,0.206356612211737,0.0301887889069756,0.0301887889069756,3,0.00641784366856242
605400,"Nola, Aaron",R,SI,144,0.148606811145511,3,0.206356612211737,0.0256043009320993,0.0256043009320993,3,0.0038049735131293
605400,"Nola, Aaron",R,FC,84,0.086687306501548,3,0.206356612211737,0.0280542689115171,0.0446911070922514,-1,0.00243194900780953
605400,"Nola, Aaron",R,CH,155,0.159958720330237,3,0.206356612211737,-0.00199324787085113,0.00298243471893511,2,-0.000318837378722317
621121,"McCullers Jr., Lance",R,ST,47,0.163763066202091,-5,0.205117130733694,0.885188795102916,0.885188795102916,-5,0.144961231253788
621121,"McCullers Jr., Lance",R,CU,43,0.149825783972125,-5,0.205117130733694,0.439183991911921,0.707062900282851,3,0.0658010858962112
621121,"McCullers Jr., Lance",R,FC,81,0.282229965156794,-5,0.205117130733694,0.0699450438221101,0.0699450438221101,-5,0.0197405872808046
621121,"McCullers Jr., Lance",R,SI,64,0.222996515679443,-5,0.205117130733694,0.00956483736115687,0.107701621114776,3,0.00213292540457853
621121,"McCullers Jr., Lance",R,CH,42,0.146341463414634,-5,0.205117130733694,-0.236881855940988,0.333817868510172,5,-0.0346656374547788
687570,"Prielipp, Connor",L,CU,97,0.143916913946588,-2,0.203384681380583,1.05720943358635,1.05720943358635,-2,0.152150319076967
687570,"Prielipp, Connor",L,CH,79,0.117210682492582,-2,0.203384681380583,0.367347748521758,0.367347748521758,-2,0.0430570803163485
687570,"Prielipp, Connor",L,SL,208,0.308605341246291,-2,0.203384681380583,0.0181502299152495,0.254342199506519,2,0.00560125789669421
687570,"Prielipp, Connor",L,SI,93,0.137982195845697,-2,0.203384681380583,0.0194925242874579,0.0259357237188213,-1,0.00268962130375903
687570,"Prielipp, Connor",L,FF,197,0.292284866468843,-2,0.203384681380583,-0.000388652394351509,0.0064613509963627,-1,-0.000113597213185827
669160,"May, Dustin",R,ST,167,0.188914027149321,-3,0.203169056415395,1.04678964306563,1.04678964306563,-3,0.197753247049729
669160,"May, Dustin",R,FC,232,0.262443438914027,-3,0.203169056415395,0.0605903352957906,0.0605903352957906,-3,0.0159015359599812
669160,"May, Dustin",R,CU,42,0.0475113122171946,-3,0.203169056415395,0.1409124614976,0.759416223320396,-5,0.00669493595350589
669160,"May, Dustin",R,FF,208,0.235294117647059,-3,0.203169056415395,0.0217457747699145,0.0314346811902719,-5,0.0051166528870387
669160,"May, Dustin",R,CH,56,0.0633484162895928,-3,0.203169056415395,-0.104733992045241,0.212080581775471,5,-0.00663473252775281
669160,"May, Dustin",R,SI,179,0.202488687782805,-3,0.203169056415395,-0.0773504094406851,0.0930308825312175,5,-0.0156625829071071
596001,"Junis, Jakob",R,ST,83,0.419191919191919,-1,0.202186413661369,0.325541711878275,0.325541711878275,-1,0.136464454979277
596001,"Junis, Jakob",R,SI,45,0.227272727272727,-1,0.202186413661369,-0.025335580827592,0.0274085990888241,2,-0.00575808655172547
669711,"Weissert, Greg",R,FF,113,0.345565749235474,-13,0.201947174356632,0.233141004260686,0.233141004260686,-13,0.0805655458148547
669711,"Weissert, Greg",R,ST,43,0.131498470948012,-13,0.201947174356632,0.601757792852549,0.608237703037201,-11,0.0791302296411609
669711,"Weissert, Greg",R,SI,117,0.357798165137615,-13,0.201947174356632,0.0248808549166102,0.201071433134215,7,0.00890232423621832
666808,"Doval, Camilo",R,SL,59,0.262222222222222,-3,0.201722316923129,0.62702808862383,0.62702808862383,-3,0.164420698794693
666808,"Doval, Camilo",R,SI,126,0.56,-3,0.201722316923129,0.00257120160295995,0.0097628671658869,-1,0.00143987289765757
656492,"Griffin, Foster",L,ST,132,0.131868131868132,1,0.198766468896373,0.620031547403097,0.620031547403097,1,0.0817624018553535
656492,"Griffin, Foster",L,CU,100,0.0999000999000999,1,0.198766468896373,0.513804168816022,0.513804168816022,1,0.0513290877938084
656492,"Griffin, Foster",L,FC,381,0.380619380619381,1,0.198766468896373,0.0985733390637813,0.0985733390637813,1,0.0375189232600406
656492,"Griffin, Foster",L,FS,70,0.0699300699300699,1,0.198766468896373,0.33299838264965,0.33299838264965,1,0.0232866001852902
656492,"Griffin, Foster",L,FF,125,0.124875124875125,1,0.198766468896373,0.0326013199143709,0.0326013199143709,1,0.00407109389540096
656492,"Griffin, Foster",L,CH,93,0.0929070929070929,1,0.198766468896373,0.0164503805930316,0.0273013850196737,-1,0.00152835703811383
656492,"Griffin, Foster",L,SI,100,0.0999000999000999,1,0.198766468896373,-0.00730725126766404,0,0,-0.00072999513163477
669456,"Bieber, Shane",R,CU,72,0.209912536443149,-1,0.198558243118006,0.38796356188022,0.38796356188022,-1,0.0814384153217955
669456,"Bieber, Shane",R,SL,46,0.134110787172012,-1,0.198558243118006,0.586131235423537,0.761350463674887,-2,0.0786065213687543
669456,"Bieber, Shane",R,FC,52,0.151603498542274,-1,0.198558243118006,0.224166364114361,0.228263405389132,-2,0.0339844050552384
669456,"Bieber, Shane",R,FF,97,0.282798833819242,-1,0.198558243118006,-0.00163348065535699,0,0,-0.000461946424401248
669456,"Bieber, Shane",R,CH,62,0.180758017492711,-1,0.198558243118006,-0.0172250743453503,0.104828390710389,1,-0.00311357028983009
547973,"Chapman, Aroldis",L,FS,43,0.142857142857143,-3,0.198286841549486,0.635311170290099,0.635311170290099,-3,0.0907587386128713
547973,"Chapman, Aroldis",L,SI,123,0.408637873754153,-3,0.198286841549486,0.216555073134826,0.216555073134826,-3,0.0884926046364905
547973,"Chapman, Aroldis",L,FF,103,0.3421926910299,-3,0.198286841549486,-0.0059756693324864,0,0,-0.00204483036958837
669093,"Estrada, Jeremiah",R,FS,54,0.293478260869565,1,0.198080786559994,0.645339604564334,0.673613928551089,4,0.189393144817794
669093,"Estrada, Jeremiah",R,FF,118,0.641304347826087,1,0.198080786559994,-0.00659697761148311,0.00567041021171666,-2,-0.00423067042475547
676684,"Vest, Will",R,SL,60,0.285714285714286,-3,0.19601209616349,0.569734484206725,0.569734484206725,-3,0.162781281201921
676684,"Vest, Will",R,FF,98,0.466666666666667,-3,0.19601209616349,-0.0327975291691027,0,0,-0.0153055136122479
607259,"Martinez, Nick",R,CH,240,0.267558528428094,-2,0.195596476388053,0.728077326696228,0.728077326696228,-2,0.194803298112703
607259,"Martinez, Nick",R,FC,225,0.250836120401338,-2,0.195596476388053,-0.00114525664255272,0.0374696317289842,-1,-0.000287271733081785
607259,"Martinez, Nick",R,FF,111,0.123745819397993,-2,0.195596476388053,-0.0028168053434333,0.0066327163157382,-1,-0.000348567885307799
607259,"Martinez, Nick",R,SI,269,0.299888517279822,-2,0.195596476388053,-0.0330453075148503,0.0218592440963041,1,-0.00990990827368421
669373,"Skubal, Tarik",L,CH,269,0.30089485458613,-3,0.194606474825499,0.633370372200572,0.633370372200572,-3,0.190577886042454
669373,"Skubal, Tarik",L,FF,333,0.37248322147651,-3,0.194606474825499,0.0140685400370948,0.0140685400370948,-3,0.00524029511448834
669373,"Skubal, Tarik",L,SI,155,0.17337807606264,-3,0.194606474825499,0.00742677760339157,0.00742677760339157,-3,0.00128764041222113
669373,"Skubal, Tarik",L,SL,104,0.116331096196868,-3,0.194606474825499,-0.0832349005584401,0.00265271618058503,1,-0.00968280722380063
646241,"De Jesus, Enmanuel",L,FC,47,0.167857142857143,1,0.193703583703781,1.04856154138185,1.04856154138185,1,0.176008544446239
646241,"De Jesus, Enmanuel",L,CH,62,0.221428571428571,1,0.193703583703781,0.0267831714081023,0.0267831714081023,1,0.00593055938322265
646241,"De Jesus, Enmanuel",L,FF,117,0.417857142857143,1,0.193703583703781,0.00678163065223575,0.00678163065223575,1,0.00283375280825566
646241,"De Jesus, Enmanuel",L,SI,40,0.142857142857143,1,0.193703583703781,-0.00528116483387823,0,0,-0.000754452119125462
680694,"Bradish, Kyle",R,CU,210,0.221052631578947,-5,0.193364459213667,0.737463703397463,1.10301622284542,-7,0.163018292329965
680694,"Bradish, Kyle",R,SL,265,0.278947368421053,-5,0.193364459213667,0.0698657508249859,0.253734007511851,-3,0.0194888673353908
680694,"Bradish, Kyle",R,SI,303,0.318947368421053,-5,0.193364459213667,0.0255851386216811,0.275486109243445,7,0.00816031263407302
680694,"Bradish, Kyle",R,FF,172,0.181052631578947,-5,0.193364459213667,0.0148961486542202,0.0514086088579105,-7,0.00269698691423775
694918,"Tidwell, Blade",R,ST,78,0.419354838709677,-1,0.193092594432366,0.324728162841073,0.324728162841073,-1,0.136176326352708
694918,"Tidwell, Blade",R,FF,54,0.290322580645161,-1,0.193092594432366,0.00295232895312324,0.0051618669558937,1,0.000857127760584167
668909,"Williams, Gavin",R,CU,234,0.210242587601078,-2,0.192548962979034,0.742529076736174,0.742529076736174,-2,0.156111234462053
668909,"Williams, Gavin",R,ST,339,0.304582210242588,-2,0.192548962979034,0.155492861209215,0.155492861209215,-2,0.0473603593440466
668909,"Williams, Gavin",R,FC,78,0.0700808625336927,-2,0.192548962979034,-0.0259133017415203,0,0,-0.00181602653714159
668909,"Williams, Gavin",R,SI,176,0.158131176999102,-2,0.192548962979034,-0.0252720036613121,0.00523116661130238,2,-0.00399629168408889
668909,"Williams, Gavin",R,FF,286,0.25696316262354,-2,0.192548962979034,-0.0198873354206094,0,0,-0.00511031260583494
656550,"Holmes, Grant",R,SL,326,0.386714116251483,-2,0.191924840566246,0.418235641407313,0.418235641407313,-2,0.161737626451701
656550,"Holmes, Grant",R,CU,74,0.0877817319098458,-2,0.191924840566246,0.234486029581235,0.234486029581235,-2,0.0205835897853042
656550,"Holmes, Grant",R,CH,45,0.0533807829181495,-2,0.191924840566246,0.107220284484408,0.107220284484408,-2,0.00572350273048442
656550,"Holmes, Grant",R,FF,236,0.279952550415184,-2,0.191924840566246,0.00754892921019311,0.00754892921019311,-2,0.00211334198529724
656550,"Holmes, Grant",R,SI,87,0.103202846975089,-2,0.191924840566246,0.00917304564258378,0.00917304564258378,-2,0.000946684425747081
656550,"Holmes, Grant",R,FC,75,0.0889679715302491,-2,0.191924840566246,0.00921786990987702,0.0128281603342484,-1,0.000820095187711479
519242,"Sale, Chris",L,SL,380,0.38038038038038,-2,0.18853488051463,0.367502765998463,0.367502765998463,-2,0.139790841921337
519242,"Sale, Chris",L,CH,121,0.121121121121121,-2,0.18853488051463,0.275229155674033,0.275229155674033,-2,0.0333360639004584
519242,"Sale, Chris",L,FF,423,0.423423423423423,-2,0.18853488051463,0.0492337153648815,0.154160850498823,2,0.0208467083076525
519242,"Sale, Chris",L,SI,75,0.0750750750750751,-2,0.18853488051463,-0.072443931749375,0.037866619334425,2,-0.00543873361481794
678022,"Perkins, Jack",R,ST,183,0.277272727272727,-4,0.187789889926057,0.638280854189209,0.638280854189209,-4,0.176977873207008
678022,"Perkins, Jack",R,FF,219,0.331818181818182,-4,0.187789889926057,0.0234497471220501,0.0236103993293938,-5,0.0077810524541348
678022,"Perkins, Jack",R,FC,85,0.128787878787879,-4,0.187789889926057,0.0420113683071966,0.11375188540607,-5,0.00541055500926017
678022,"Perkins, Jack",R,CH,129,0.195454545454545,-4,0.187789889926057,-0.0762270158760824,0.317484443737283,5,-0.0148989167394161
641329,"Baker, Bryan",R,CH,117,0.404844290657439,4,0.186382262306676,0.428044318537991,0.428044318537991,4,0.17329129850846
641329,"Baker, Bryan",R,FF,162,0.560553633217993,4,0.186382262306676,0.0118485550285035,0.0188463304760696,2,0.00664175056961098
680742,"Bowlan, Jonathan",R,SL,50,0.168350168350168,-2,0.18541990027854,1.05098644924238,1.05098644924238,-2,0.1769337456637
680742,"Bowlan, Jonathan",R,FF,141,0.474747474747475,-2,0.18541990027854,-0.0137810485668648,0,0,-0.00654251800649137
680742,"Bowlan, Jonathan",R,CH,49,0.164983164983165,-2,0.18541990027854,-0.12460037851717,0.0399274449719672,2,-0.0205569648058631
683000,"Cornelio, Riley",R,SL,86,0.505882352941176,-4,0.184700590012858,0.368935316054468,0.368935316054468,-4,0.186637865768731
683000,"Cornelio, Riley",R,FF,83,0.488235294117647,-4,0.184700590012858,-0.00619322251218449,0.0128874620267262,-1,-0.00302374981477243
668674,"Erceg, Lucas",R,SL,87,0.262048192771084,-4,0.183878550618232,1.07812905838232,1.07812905838232,-4,0.282521771323078
668674,"Erceg, Lucas",R,FF,104,0.313253012048193,-4,0.183878550618232,-0.0393613957048144,0.00279014762230944,1,-0.0123300757629539
668674,"Erceg, Lucas",R,SI,92,0.27710843373494,-4,0.183878550618232,-0.129233563291828,0.0401576307543207,4,-0.0358117103097837
668674,"Erceg, Lucas",R,CH,47,0.141566265060241,-4,0.183878550618232,-0.364558157427584,0.268843802632862,4,-0.0516091367442664
690925,"Beeter, Clayton",R,SL,85,0.442708333333333,-2,0.183531909043412,0.426682250703446,0.426682250703446,-2,0.188895788071838
690925,"Beeter, Clayton",R,FF,107,0.557291666666667,-2,0.183531909043412,-0.00962490442483863,0,0,-0.0053638790284257
671212,"Boyle, Joe",R,SL,47,0.313333333333333,-7,0.183152763997165,0.183152763997165,0.183152763997165,-7,0.0573878660524451
623149,"Sewald, Paul",R,ST,88,0.330827067669173,-1,0.183067833468006,0.525095106860843,0.525095106860843,-1,0.173715674450204
623149,"Sewald, Paul",R,FF,177,0.665413533834586,-1,0.183067833468006,0.0130203755099858,0.0130203755099858,-1,0.00866393407995298
663738,"Lynch IV, Daniel",L,CH,65,0.243445692883895,-4,0.179184828477855,0.450219704885353,0.450219704885353,-4,0.109604048005798
663738,"Lynch IV, Daniel",L,SL,71,0.265917602996255,-4,0.179184828477855,0.145270795055971,0.161034772260919,-2,0.0386300616066439
663738,"Lynch IV, Daniel",L,SI,84,0.314606741573034,-4,0.179184828477855,-0.00187910715944914,0.00969853414226348,-1,-0.000591179780500853
837227,"Imai, Tatsuya",R,SL,288,0.547528517110266,-5,0.178693150374251,0.31403139873598,0.31403139873598,-5,0.171941146075974
837227,"Imai, Tatsuya",R,FF,195,0.370722433460076,-5,0.178693150374251,-0.0211910318215351,0.00346346793808641,1,-0.00785599088440942
621111,"Buehler, Walker",R,SL,114,0.134275618374558,-4,0.176962598712084,0.501062371532949,0.501062371532949,-4,0.0672804597818094
621111,"Buehler, Walker",R,FC,217,0.255594817432273,-4,0.176962598712084,0.231384200117817,0.231384200117817,-4,0.059140602385826
621111,"Buehler, Walker",R,ST,75,0.088339222614841,-4,0.176962598712084,0.49862012461489,0.49862012461489,-4,0.0440477141885945
621111,"Buehler, Walker",R,CU,87,0.102473498233216,-4,0.176962598712084,0.147433025319814,0.147433025319814,-4,0.0151079778596276
621111,"Buehler, Walker",R,SI,131,0.154299175500589,-4,0.176962598712084,0.00564769906416079,0.0205160777271349,3,0.000871435309075458
621111,"Buehler, Walker",R,FF,139,0.163722025912839,-4,0.176962598712084,-0.0104361404867753,0,0,-0.00170862606320585
621111,"Buehler, Walker",R,CH,86,0.101295641931684,-4,0.176962598712084,-0.0767749194470532,0.113993071428859,3,-0.00777696474964261
665660,"Alvarado, Elvis",R,SL,68,0.228187919463087,-2,0.176376735964586,0.648286026312309,0.648286026312309,-2,0.147931039561198
665660,"Alvarado, Elvis",R,FF,181,0.60738255033557,-2,0.176376735964586,-0.000915152121851827,0,0,-0.000555847429715371
608379,"Wacha, Michael",R,CH,273,0.269762845849802,2,0.175988227081019,0.277082673448418,0.277082673448418,2,0.0747466105251168
608379,"Wacha, Michael",R,CU,62,0.0612648221343874,2,0.175988227081019,0.951211746004497,0.951211746004497,2,0.0582758184311056
608379,"Wacha, Michael",R,FC,153,0.151185770750988,2,0.175988227081019,0.13086332609544,0.13086332609544,2,0.019784672818777
608379,"Wacha, Michael",R,SL,88,0.0869565217391304,2,0.175988227081019,0.215040957264236,0.215040957264236,2,0.018699213675151
608379,"Wacha, Michael",R,SI,151,0.149209486166008,2,0.175988227081019,0.0173305704307986,0.0173305704307986,2,0.00258588550894327
608379,"Wacha, Michael",R,FF,285,0.281620553359684,2,0.175988227081019,0.00673255591364396,0.00673255591364396,2,0.00189602612192542
677976,"Dobnak, Randy",R,ST,68,0.210526315789474,-1,0.175099165489419,0.477374201626894,0.477374201626894,-1,0.100499831921451
677976,"Dobnak, Randy",R,CH,87,0.269349845201238,-1,0.175099165489419,0.197182763236396,0.389842462424177,-3,0.0531111467540758
677976,"Dobnak, Randy",R,SI,126,0.390092879256966,-1,0.175099165489419,-0.00328159214022661,0.0820071634797084,3,-0.00128012572652803
571510,"Boyd, Matthew",L,CH,200,0.313971742543171,-3,0.174063011175202,0.728406815114975,0.728406815114975,-3,0.22869915702197
571510,"Boyd, Matthew",L,FF,316,0.49607535321821,-3,0.174063011175202,0.00822248909297716,0.00822248909297716,-3,0.00407897418113153
571510,"Boyd, Matthew",L,SL,80,0.125588697017268,-3,0.174063011175202,-0.556726436449443,1.06053950609112,3,-0.0699185477487526
666171,"Zeferjahn, Ryan",R,ST,144,0.407932011331445,6,0.171873047245111,0.406878525931724,0.406878525931724,6,0.165978775450902
666171,"Zeferjahn, Ryan",R,SI,45,0.127478753541077,6,0.171873047245111,0.0319191365242036,0.0319191365242036,6,0.00406901173821292
666171,"Zeferjahn, Ryan",R,FF,119,0.337110481586402,6,0.171873047245111,-0.05957958257364,0.0691706921943326,-6,-0.0200849017741166
663423,"Thornton, Trent",R,FC,41,0.239766081871345,6,0.171164929836852,0.59466651033375,0.59466651033375,6,0.142580859202829
663423,"Thornton, Trent",R,FF,74,0.432748538011696,6,0.171164929836852,-0.063477837735754,0.0253729738230482,-4,-0.0274699414762912
687396,"Headrick, Brent",L,SL,125,0.299043062200957,-2,0.170827677499574,0.443825997461889,0.443825997461889,-2,0.132723085365398
687396,"Headrick, Brent",L,FF,222,0.5311004784689,-2,0.170827677499574,0.0171124072505225,0.0171124072505225,-2,0.00908840767850715
676760,"Marinaccio, Ron",R,CH,99,0.237980769230769,9,0.167150683506233,0.601372763873024,0.601372763873024,9,0.143115152940936
676760,"Marinaccio, Ron",R,FF,202,0.485576923076923,9,0.167150683506233,0.0823751300684055,0.0823751300684055,9,0.0399994621966777
676760,"Marinaccio, Ron",R,ST,41,0.0985576923076923,9,0.167150683506233,0.247277647187915,1.43468284719369,-9,0.0243711142661167
676760,"Marinaccio, Ron",R,FC,74,0.177884615384615,9,0.167150683506233,-0.22674836612647,0.280763998356249,-9,-0.0403350458974971
641743,"Kay, Anthony",L,ST,154,0.156345177664975,-3,0.161368617502642,0.803036901697285,0.803036901697285,-3,0.125550947067393
641743,"Kay, Anthony",L,CH,143,0.145177664974619,-3,0.161368617502642,0.493546701175559,0.493546701175559,-3,0.0716519576325938
641743,"Kay, Anthony",L,FF,237,0.240609137055838,-3,0.161368617502642,0.0204073251093245,0.0204073251093245,-3,0.0049101888841725
641743,"Kay, Anthony",L,SI,202,0.20507614213198,-3,0.161368617502642,0.00757014812253236,0.010014946800318,-2,0.00155245677233658
641743,"Kay, Anthony",L,SL,71,0.0720812182741117,-3,0.161368617502642,-0.289663064482584,0.497047270331615,3,-0.0208792665769172
641743,"Kay, Anthony",L,FC,178,0.180710659898477,-3,0.161368617502642,-0.118519108330236,0.195844396057983,3,-0.021417666276936
683769,"Gaddis, Hunter",R,SL,83,0.441489361702128,-5,0.158510705393478,0.342322835024029,0.342322835024029,-5,0.151131889930822
683769,"Gaddis, Hunter",R,FF,90,0.478723404255319,-5,0.158510705393478,-0.0110049252658078,0.000291545645908415,-1,-0.0052683152868229
621383,"Banks, Tanner",L,SL,71,0.331775700934579,-1,0.158367902762925,0.222311389221474,0.222311389221474,-1,0.0737575169846946
621383,"Banks, Tanner",L,ST,46,0.214953271028037,-1,0.158367902762925,0.267890746201274,0.267890746201274,-1,0.0575839921741057
621383,"Banks, Tanner",L,FF,54,0.252336448598131,-1,0.158367902762925,-0.0190031775467238,0.0771444064911633,1,-0.00479519433422003
608337,"Giolito, Lucas",R,CH,85,0.384615384615385,1,0.157112784457013,0.315034060754749,0.315034060754749,1,0.121166946444134
608337,"Giolito, Lucas",R,FF,88,0.398190045248869,1,0.157112784457013,0.00457518803306312,0.0122222837178752,2,0.00182179432990749
592662,"Ray, Robbie",L,SL,234,0.235887096774194,2,0.156860176792415,0.481688755150119,0.481688755150119,2,0.113624162001137
592662,"Ray, Robbie",L,CU,91,0.0917338709677419,2,0.156860176792415,0.270632121645362,0.270632121645362,2,0.0248261321267419
592662,"Ray, Robbie",L,CH,204,0.205645161290323,2,0.156860176792415,0.078425451062947,0.078425451062947,2,0.016127814533106
592662,"Ray, Robbie",L,SI,112,0.112903225806452,2,0.156860176792415,0.0505901943606164,0.0505901943606164,2,0.00571179613748894
592662,"Ray, Robbie",L,FF,351,0.35383064516129,2,0.156860176792415,-0.00969313442168198,0.00670900893883752,-2,-0.00342972800605884
663623,"Irvin, Jake",R,CU,135,0.245009074410163,-2,0.155935960178157,0.544758064432236,0.544758064432236,-2,0.133470669144014
663623,"Irvin, Jake",R,ST,52,0.0943738656987296,-2,0.155935960178157,0.209826481191686,0.209826481191686,-2,0.0198021361560212
663623,"Irvin, Jake",R,FC,59,0.107078039927405,-2,0.155935960178157,-0.00822591397937343,0,0,-0.000880814745522745
663623,"Irvin, Jake",R,FF,165,0.2994555353902,-2,0.155935960178157,-0.00447530000115851,0,0,-0.00134015335787868
663623,"Irvin, Jake",R,SI,109,0.197822141560799,-2,0.155935960178157,-0.0196592936027854,0.023236031733029,2,-0.00388904356207552
672456,"Montero, Keider",R,SL,167,0.193960511033682,-4,0.155504815494238,0.744980920177169,0.744980920177169,-4,0.144496879987906
672456,"Montero, Keider",R,CU,121,0.140534262485482,-4,0.155504815494238,0.351281982859946,0.54949626972611,-2,0.0493671543856603
672456,"Montero, Keider",R,FF,263,0.305458768873403,-4,0.155504815494238,0.0143861190032088,0.0143861190032088,-4,0.00439436619958643
672456,"Montero, Keider",R,SI,185,0.21486643437863,-4,0.155504815494238,-0.0541916399128773,0.0427039542848291,4,-0.0116439644412106
672456,"Montero, Keider",R,CH,125,0.145180023228804,-4,0.155504815494238,-0.214283066952506,0.00913539147124838,1,-0.0311096206377041
677960,"Weathers, Ryan",L,ST,117,0.128289473684211,-3,0.153541883130117,0.91966799375505,0.91966799375505,-3,0.117983722883049
677960,"Weathers, Ryan",L,CH,269,0.294956140350877,-3,0.153541883130117,0.201687019251609,0.201687019251609,-3,0.0594888247573277
677960,"Weathers, Ryan",L,FF,214,0.234649122807018,-3,0.153541883130117,0.0558610210209234,0.0558610210209234,-3,0.013107739581664
677960,"Weathers, Ryan",L,SI,177,0.194078947368421,-3,0.153541883130117,0.0331113608615556,0.0674446790334899,3,0.00642621806194665
677960,"Weathers, Ryan",L,SL,135,0.148026315789474,-3,0.153541883130117,-0.293627669661701,0.740998305094609,3,-0.0434646221538701
668964,"Myers, Tobias",R,FS,79,0.225071225071225,2,0.153086339371202,0.518447348923309,0.518447348923309,2,0.116687579957098
668964,"Myers, Tobias",R,SL,45,0.128205128205128,2,0.153086339371202,0.254767176025707,0.254767176025707,2,0.0326624584648342
668964,"Myers, Tobias",R,FC,43,0.122507122507123,2,0.153086339371202,0.0113986285426792,0.0238018080617205,1,0.00139641318329118
668964,"Myers, Tobias",R,FF,180,0.512820512820513,2,0.153086339371202,0.00116086249096494,0.00560180631462373,1,0.000595314097930737
656546,"Hoffman, Jeff",R,SL,110,0.329341317365269,-2,0.152271843443288,0.690891692685571,0.739335235838256,-3,0.227539180225787
656546,"Hoffman, Jeff",R,FF,130,0.389221556886228,-2,0.152271843443288,-0.0130838713986006,0.057377718328099,3,-0.00509252479586251
656546,"Hoffman, Jeff",R,FS,76,0.227544910179641,-2,0.152271843443288,-0.344464215598893,0.11050346103599,1,-0.0783810789985505
691725,"Painter, Andrew",R,ST,86,0.130699088145897,-1,0.151775772190063,0.767166705094905,0.767166705094905,-1,0.100267988811796
691725,"Painter, Andrew",R,SL,117,0.177811550151976,-1,0.151775772190063,0.302989755850025,0.613013667418809,-3,0.0538750781678615
691725,"Painter, Andrew",R,FF,213,0.32370820668693,-1,0.151775772190063,0.00253115804031804,0.0259561617093895,-3,0.000819356630072556
691725,"Painter, Andrew",R,SI,71,0.10790273556231,-1,0.151775772190063,-0.0285888503213704,0.0743457429675965,3,-0.00308481515625729
691725,"Painter, Andrew",R,CU,53,0.0805471124620061,-1,0.151775772190063,-0.0462200557942037,1.60334465948124,3,-0.00372289203205592
691725,"Painter, Andrew",R,FS,84,0.127659574468085,-1,0.151775772190063,-0.0330681137939621,0.0068070522965745,1,-0.00422146133539942
674444,"Cruz, Steven",R,FC,100,0.303951367781155,-4,0.151276028244417,0.307073449106057,0.310780201333145,-5,0.0933353948650631
674444,"Cruz, Steven",R,SL,44,0.133738601823708,-4,0.151276028244417,0.278779133720311,0.286096075156217,-2,0.0372835315613789
674444,"Cruz, Steven",R,FF,184,0.559270516717325,-4,0.151276028244417,0.0361136438579857,0.0466140039528339,-2,0.0201972962610011
657571,"Ferguson, Caleb",L,FC,51,0.258883248730964,3,0.150737760177897,0.549227398976832,0.549227398976832,3,0.14218577333918
657571,"Ferguson, Caleb",L,FF,50,0.253807106598985,3,0.150737760177897,0.00241522211354494,0.0395142879821835,1,0.000613000536432727
657571,"Ferguson, Caleb",L,SI,72,0.365482233502538,3,0.150737760177897,-0.0285239714266592,0.00435642842862396,1,-0.010425004785378
621237,"Alvarado, José",L,FC,122,0.341736694677871,3,0.150689417334829,0.463392318388671,0.48970600932728,5,0.15835815922526
621237,"Alvarado, José",L,SI,219,0.613445378151261,3,0.150689417334829,-0.0235103722933387,0.100815964298268,-5,-0.0144223292219641
663969,"Phillips, Tyler",R,FS,183,0.269911504424779,-3,0.150376219754911,0.377174093995695,0.514722861171365,3,0.101803627140431
663969,"Phillips, Tyler",R,ST,128,0.188790560471976,-3,0.150376219754911,0.245903092494735,0.245903092494735,-3,0.0464241826538732
663969,"Phillips, Tyler",R,CU,125,0.184365781710914,-3,0.150376219754911,0.12512223663574,0.269701486496429,-2,0.0230682589667662
663969,"Phillips, Tyler",R,FF,66,0.0973451327433628,-3,0.150376219754911,-0.00327769340827638,0.0111070932178455,3,-0.00031906749992071
663969,"Phillips, Tyler",R,SI,169,0.249262536873156,-3,0.150376219754911,-0.0888755230740505,0.144092721901115,3,-0.0221533383473666
683742,"Franco, Jose",R,SL,58,0.405594405594406,-5,0.149381731993144,0.340495787895567,0.340495787895567,-5,0.138103186698901
683742,"Franco, Jose",R,FF,70,0.48951048951049,-5,0.149381731993144,-0.0089699143260068,0.0285013135656214,5,-0.00439086715259074
672282,"Detmers, Reid",L,CU,88,0.0815569972196478,-3,0.14759374039237,2.09368842824705,2.09368842824705,-3,0.170754941321354
672282,"Detmers, Reid",L,CH,104,0.0963855421686747,-3,0.14759374039237,0.183838327811574,0.183838327811574,-3,0.0177193568975011
672282,"Detmers, Reid",L,FF,517,0.479147358665431,-3,0.14759374039237,0.00792622301142663,0.00792622301142663,-3,0.00379782882011823
672282,"Detmers, Reid",L,SL,358,0.331788693234476,-3,0.14759374039237,-0.139606435967579,0.0942999492068676,3,-0.0463198369568055
571948,"Milner, Hoby",L,ST,58,0.256637168141593,2,0.146833491731172,0.376921297048791,0.376921297048791,2,0.0967320142868579
571948,"Milner, Hoby",L,FF,43,0.190265486725664,2,0.146833491731172,0.0885013915508864,0.112003522113399,-2,0.0168387603393279
571948,"Milner, Hoby",L,SI,90,0.398230088495575,2,0.146833491731172,0.0264244650570659,0.0360082656799368,-2,0.0105230170581236
687377,"Ribalta, Orlando",R,SL,94,0.362934362934363,-3,0.14656982358348,0.452930089092446,0.452930089092446,-3,0.164383893338571
687377,"Ribalta, Orlando",R,FF,87,0.335907335907336,-3,0.14656982358348,-0.0342085285485801,0.00203988254984452,1,-0.0114908956900636
687377,"Ribalta, Orlando",R,SI,58,0.223938223938224,-3,0.14656982358348,-0.0787775612846838,0.108029447783714,3,-0.0176413071602767
624133,"Suarez, Ranger",L,CU,126,0.169354838709677,-3,0.146558616951448,1.06349232851304,1.06349232851304,-3,0.180107571764305
624133,"Suarez, Ranger",L,SI,167,0.224462365591398,-3,0.146558616951448,0.0185262657611002,0.0192748511262714,-2,0.00415844943831147
624133,"Suarez, Ranger",L,FF,135,0.181451612903226,-3,0.146558616951448,0.0146748553606169,0.0152147041039577,-2,0.00266277617430549
624133,"Suarez, Ranger",L,FC,178,0.239247311827957,-3,0.146558616951448,-0.0794144643525385,0.0181319137651935,1,-0.018999697116602
624133,"Suarez, Ranger",L,CH,110,0.147849462365591,-3,0.146558616951448,-0.181848007785824,0,0,-0.026886130183388
680732,"Burke, Sean",R,SL,191,0.185257032007759,-3,0.146255824473955,0.913207619944889,0.913207619944889,-3,0.16917813327786
680732,"Burke, Sean",R,FF,432,0.419010669253152,-3,0.146255824473955,0.0407466989453101,0.0446311653554922,2,0.0170733015949311
680732,"Burke, Sean",R,FC,69,0.0669253152279341,-3,0.146255824473955,-0.0268862200743005,0.0800368781602262,-1,-0.00179936875376017
680732,"Burke, Sean",R,SI,148,0.143549951503395,-3,0.146255824473955,-0.0411007202975844,0.0725277251006526,3,-0.00590000640547284
680732,"Burke, Sean",R,CU,172,0.166828322017459,-3,0.146255824473955,-0.209745809285095,0.0547347406940966,2,-0.0349915414132264
675911,"Strider, Spencer",R,SL,92,0.300653594771242,-2,0.144680243438959,0.422745925068081,0.422745925068081,-2,0.127100082046612
675911,"Strider, Spencer",R,FF,156,0.509803921568627,-2,0.144680243438959,-0.0193072098294965,0.0469279650650818,2,-0.00984289128562568
691587,"Pérez, Eury",R,ST,129,0.136652542372881,-2,0.143355711857738,0.908197211840802,0.932923588770609,-3,0.124107457974008
691587,"Pérez, Eury",R,SL,139,0.147245762711864,-2,0.143355711857738,0.381196422915086,0.41012418589995,-3,0.0561295580351662
691587,"Pérez, Eury",R,FF,420,0.444915254237288,-2,0.143355711857738,-0.0130495550619716,0.00344643864475825,-1,-0.00580594610808058
691587,"Pérez, Eury",R,SI,147,0.155720338983051,-2,0.143355711857738,-0.109849509380802,0,0,-0.0171058028379003
691587,"Pérez, Eury",R,CH,73,0.0773305084745763,-2,0.143355711857738,-0.251343366312717,0.0643228655279773,1,-0.0194365103186741
691951,"Aldegheri, Sam",L,CH,102,0.376383763837638,-2,0.141528563124825,0.312633536823839,0.312633536823839,-2,0.11767018729163
691951,"Aldegheri, Sam",L,FF,128,0.472324723247233,-2,0.141528563124825,0.00517928720842285,0.00788051919152171,1,0.00244630539733625
805427,"Sommers, Drew",L,SI,69,0.43125,2,0.141472975289264,0.138007602946547,0.138007602946547,2,0.0595157787706984
805427,"Sommers, Drew",L,FF,50,0.3125,2,0.141472975289264,0.146255189122214,0.146255189122214,2,0.045704746600692
676440,"Bibee, Tanner",R,FC,261,0.252662149080349,-5,0.140600996142711,0.647078919612778,0.647078919612778,-5,0.163492350453955
676440,"Bibee, Tanner",R,CU,107,0.103581800580833,-5,0.140600996142711,0.874626800160403,0.874626800160403,-5,0.0905954187968665
676440,"Bibee, Tanner",R,FF,220,0.21297192642788,-5,0.140600996142711,-0.00531071807143327,0.00318403645823841,2,-0.0011310338583885
676440,"Bibee, Tanner",R,SI,238,0.230396902226525,-5,0.140600996142711,-0.0533088101581229,0.018338879321334,2,-0.0122821847218134
676440,"Bibee, Tanner",R,ST,54,0.0522749273959342,-5,0.140600996142711,-0.301415294380854,0.0675317482844411,-4,-0.0157564626297832
676440,"Bibee, Tanner",R,CH,153,0.14811229428848,-5,0.140600996142711,-0.569278143338319,0.343113715216875,5,-0.0843170918981247
669084,"Hall, DL",L,SI,79,0.344978165938865,4,0.140144658768677,0.140144658768677,0.140144658768677,4,0.0483468473481463
670950,"Richards, Trevor",R,CH,98,0.255874673629243,-2,0.137185161539459,0.53859022896288,0.53859022896288,-2,0.137811599055776
670950,"Richards, Trevor",R,FF,254,0.663185378590078,-2,0.137185161539459,-0.0176876597498927,0,0,-0.0117301973276051
682608,"Gray, Peyton",R,SL,49,0.168384879725086,-2,0.137181261023339,0.701730650351195,0.701730650351195,-2,0.118160831158792
682608,"Gray, Peyton",R,CH,123,0.422680412371134,-2,0.137181261023339,0.0524773763705874,0.0670635892224349,1,0.0221811590844751
682608,"Gray, Peyton",R,FF,119,0.40893470790378,-2,0.137181261023339,-0.00772917817646432,0.0167345646451581,2,-0.00316072921992871
625643,"López, Reynaldo",R,CU,59,0.110486891385768,-3,0.136307279285285,0.807903631012544,0.807903631012544,-3,0.0892627607298504
625643,"López, Reynaldo",R,SL,147,0.275280898876405,-3,0.136307279285285,0.232294488866857,0.232294488866857,-3,0.0639462356993034
625643,"López, Reynaldo",R,FF,318,0.595505617977528,-3,0.136307279285285,-0.0326685212191149,0.00440595061795343,2,-0.019454287917001
681190,"Vásquez, Randy",R,SL,54,0.0642857142857143,3,0.135168508669217,0.752445329322623,1.11852746541011,4,0.0483714854564543
681190,"Vásquez, Randy",R,FC,203,0.241666666666667,3,0.135168508669217,0.135314961187856,0.204650125021366,-6,0.0327011156203986
681190,"Vásquez, Randy",R,ST,59,0.0702380952380952,3,0.135168508669217,0.321188861061188,0.324854432995805,2,0.0225596938126311
681190,"Vásquez, Randy",R,CH,50,0.0595238095238095,3,0.135168508669217,0.269237049546809,0.269237049546809,3,0.0160260148539767
681190,"Vásquez, Randy",R,CU,94,0.111904761904762,3,0.135168508669217,0.129214786983663,0.20274381364201,-6,0.0144597499719813
681190,"Vásquez, Randy",R,SI,112,0.133333333333333,3,0.135168508669217,0.0259628288399254,0.0329451978186317,4,0.00346171051199005
681190,"Vásquez, Randy",R,FF,268,0.319047619047619,3,0.135168508669217,-0.00755768548097176,0.00722976963994555,1,-0.0024112615582148
689296,"Nunez, Anthony",R,ST,76,0.25503355704698,-7,0.134911715018579,1.25686072036725,1.25686072036725,-7,0.320541660227888
689296,"Nunez, Anthony",R,FF,98,0.328859060402685,-7,0.134911715018579,-0.00642606997548202,0.0139558124461285,-5,-0.00211327133421892
689296,"Nunez, Anthony",R,SI,43,0.144295302013423,-7,0.134911715018579,-0.157524929715845,0.207348776303068,4,-0.022730107307991
689296,"Nunez, Anthony",R,CH,64,0.214765100671141,-7,0.134911715018579,-0.784498374879864,0.468892182494453,4,-0.168482872457421
663436,"Martin, Davis",R,SL,148,0.159311087190527,-3,0.134861666032013,0.54611108689055,0.54611108689055,-3,0.0870015509793342
663436,"Martin, Davis",R,CU,98,0.105489773950484,-3,0.134861666032013,0.653619066513073,0.676768558793293,-2,0.0689501275761907
663436,"Martin, Davis",R,FC,126,0.135629709364909,-3,0.134861666032013,0.0219290354286224,0.0285238265437768,2,0.00297422870183683
663436,"Martin, Davis",R,SI,172,0.185145317545748,-3,0.134861666032013,-0.0331054294600352,0.0827530497970225,3,-0.00612931524986658
663436,"Martin, Davis",R,FF,243,0.261571582346609,-3,0.134861666032013,-0.0327088339258741,0.00719499382128371,2,-0.00855570144670335
663436,"Martin, Davis",R,CH,142,0.152852529601722,-3,0.134861666032013,-0.0613612646988387,0.0218998445653882,1,-0.00937922452877835
660604,"Rangel, Alan",R,CH,107,0.443983402489627,-1,0.134461428061142,0.252884615105439,0.252884615105439,-1,0.112276571851793
660604,"Rangel, Alan",R,FF,87,0.360995850622407,-1,0.134461428061142,-0.0111854801427643,0.00403949055988767,1,-0.00403791191875723
607625,"Lugo, Seth",R,CU,169,0.170020120724346,-2,0.132889139960448,0.87932463197569,0.87932463197569,-2,0.149502880084398
607625,"Lugo, Seth",R,ST,123,0.12374245472837,-2,0.132889139960448,0.256045645733471,0.256045645733471,-2,0.0316837167255704
607625,"Lugo, Seth",R,FC,190,0.191146881287726,-2,0.132889139960448,-0.00742680221912027,0.0398396799544742,2,-0.00141961008212561
607625,"Lugo, Seth",R,FF,131,0.131790744466801,-2,0.132889139960448,-0.025210930796266,0,0,-0.00332256733834089
607625,"Lugo, Seth",R,CH,93,0.0935613682092555,-2,0.132889139960448,-0.102993423938606,0.0629548531701208,2,-0.00963620566025184
607625,"Lugo, Seth",R,SI,191,0.19215291750503,-2,0.132889139960448,-0.0875130554465857,0.0265010752845336,2,-0.0168158889238409
607625,"Lugo, Seth",R,SL,97,0.0975855130784708,-2,0.132889139960448,-0.175263564287536,0.0336993416406428,2,-0.0171031848449608
660761,"Suarez, José",L,CH,129,0.295194508009153,-7,0.132211427383135,0.626460349936205,0.626460349936205,-7,0.18492765478666
660761,"Suarez, José",L,FF,151,0.345537757437071,-7,0.132211427383135,0.0314859999878591,0.0479239233634528,-5,0.0108796018264685
660761,"Suarez, José",L,SL,106,0.242562929061785,-7,0.132211427383135,-0.325793963868369,0.600244983760948,3,-0.0790255381465609
669194,"Nelson, Ryne",R,SL,130,0.210696920583468,-4,0.132142579152766,0.351591061069334,0.351591061069334,-4,0.0740791538719829
669194,"Nelson, Ryne",R,FC,55,0.0891410048622366,-4,0.132142579152766,0.277391480890964,0.277391480890964,-4,0.0247269553468444
669194,"Nelson, Ryne",R,CU,40,0.0648298217179903,-4,0.132142579152766,0.354862785333037,0.541530006238583,-3,0.0230056911074903
669194,"Nelson, Ryne",R,FF,366,0.593192868719611,-4,0.132142579152766,0.00802837015832469,0.00802837015832469,-4,0.00476237192535954
663362,"Waldron, Matt",R,FC,53,0.294444444444444,-3,0.132128813883088,0.386546807881622,0.386546807881622,-3,0.113816560098478
663362,"Waldron, Matt",R,FF,56,0.311111111111111,-3,0.132128813883088,-0.00397718355623559,0.0166061923869014,2,-0.00123734599527329
663362,"Waldron, Matt",R,SI,41,0.227777777777778,-3,0.132128813883088,-0.0108521086856979,0.0270340734653176,3,-0.0024718692006312
663687,"Harris, Hogan",L,CU,96,0.243654822335025,-4,0.131052094766132,0.397092544972505,0.423283143088594,4,0.0967535134958387
663687,"Harris, Hogan",L,FF,258,0.654822335025381,-4,0.131052094766132,0.0320602993405044,0.0320602993405044,-4,0.0209938000757618
687562,"Bennett, Jake",L,FF,211,0.363793103448276,2,0.130610357406552,0.148426970273994,0.148426970273994,2,0.0539967081514011
687562,"Bennett, Jake",L,CH,173,0.298275862068966,2,0.130610357406552,0.147052261564445,0.147052261564445,2,0.0438621400873257
687562,"Bennett, Jake",L,SI,128,0.220689655172414,2,0.130610357406552,0.0790185235444776,0.0790185235444776,2,0.017438570713264
660271,"Ohtani, Shohei",R,ST,173,0.279483037156704,2,0.130521832188766,0.321316753526591,0.346150541225093,1,0.0898025821649439
660271,"Ohtani, Shohei",R,FS,56,0.0904684975767367,2,0.130521832188766,0.255659205520191,0.309384520742982,3,0.0231291042150738
660271,"Ohtani, Shohei",R,FF,318,0.51373182552504,2,0.130521832188766,0.00468782496234056,0.03618641550178,-2,0.00240828487564507
663554,"Mize, Casey",R,SL,175,0.237771739130435,-4,0.130401162855243,0.6025005501383,0.6025005501383,-4,0.143257603633427
663554,"Mize, Casey",R,FF,239,0.324728260869565,-4,0.130401162855243,-0.00229683628808838,0.0208599914463492,2,-0.000745847653333048
663554,"Mize, Casey",R,SI,89,0.120923913043478,-4,0.130401162855243,-0.0408971244641668,0.0930778866811101,4,-0.00494544032243321
663554,"Mize, Casey",R,FS,207,0.28125,-4,0.130401162855243,-0.0418549888735075,0.0594494423965383,2,-0.011771715620674
808963,"Sasaki, Roki",R,FS,262,0.3275,-3,0.129184354567152,0.318695557957422,0.318695557957422,-3,0.104372795231056
808963,"Sasaki, Roki",R,SL,164,0.205,-3,0.129184354567152,0.135570147497429,0.18681618341211,-2,0.027791880236973
808963,"Sasaki, Roki",R,FF,374,0.4675,-3,0.129184354567152,-0.00637501796978948,0.00692183438797169,-2,-0.00298032090087658
607536,"Freeland, Kyle",L,CU,206,0.21752903907075,3,0.128768006050066,0.402614144465899,0.402614144465899,3,0.0875802679619591
607536,"Freeland, Kyle",L,FC,210,0.221752903907075,3,0.128768006050066,0.337547296354839,0.337547296354839,3,0.0748520931726676
607536,"Freeland, Kyle",L,CH,137,0.144667370644139,3,0.128768006050066,0.216321401320409,0.216321401320409,3,0.0312946483430793
607536,"Freeland, Kyle",L,SI,72,0.0760295670538543,3,0.128768006050066,0.0281018829912807,0.0281018829912807,3,0.00213657399722514
607536,"Freeland, Kyle",L,FF,212,0.223864836325238,3,0.128768006050066,-0.012200847755454,0.0308973821858677,-3,-0.00273134078580386
607536,"Freeland, Kyle",L,ST,110,0.116156282998944,3,0.128768006050066,-0.554117564519921,0.616300212588382,-3,-0.0643642366390616
554430,"Wheeler, Zack",R,ST,96,0.108352144469526,-2,0.127794526631167,1.35237899663257,1.35237899663257,-2,0.146533164420685
554430,"Wheeler, Zack",R,CU,73,0.082392776523702,-2,0.127794526631167,0.273402548493447,0.273402548493447,-2,0.0225263950790312
554430,"Wheeler, Zack",R,FC,100,0.112866817155756,-2,0.127794526631167,-0.0130140530645952,0.0621367333689329,1,-0.00146885474769698
554430,"Wheeler, Zack",R,SI,140,0.158013544018059,-2,0.127794526631167,-0.013455979480332,0.053540256185908,2,-0.00212622700592153
554430,"Wheeler, Zack",R,FF,313,0.353273137697517,-2,0.127794526631167,-0.0450567219815723,0.0316891287224154,2,-0.0159173295487947
554430,"Wheeler, Zack",R,FS,164,0.18510158013544,-2,0.127794526631167,-0.117517211631683,0.0308083439291645,1,-0.0217526215661355
667755,"Soriano, José",R,CU,254,0.256565656565657,-4,0.125920403318926,0.512115182777704,0.512115182777704,-4,0.131391168106603
667755,"Soriano, José",R,FF,224,0.226262626262626,-4,0.125920403318926,0.0373826749210055,0.0420353483930183,-3,0.00845830220434871
667755,"Soriano, José",R,FS,191,0.192929292929293,-4,0.125920403318926,0.00844023671593806,0.0864019714147795,3,0.00162836890176179
667755,"Soriano, José",R,SI,284,0.286868686868687,-4,0.125920403318926,-0.0706370297804561,0.0779388715150971,3,-0.0202635519774238
701542,"Warren, Will",R,ST,130,0.162297128589263,-1,0.124104062026456,0.625888552091554,0.625888552091554,-1,0.101579914821351
701542,"Warren, Will",R,FF,335,0.418227215980025,-1,0.124104062026456,0.0235595932493474,0.0347480797289177,-2,0.00985326309429635
701542,"Warren, Will",R,SI,206,0.257178526841448,-1,0.124104062026456,0.0247911885425882,0.0490757595143026,-2,0.00637576134803142
701542,"Warren, Will",R,CH,95,0.118601747815231,-1,0.124104062026456,0.00735527539009483,0.00735527539009483,-1,0.000872348516927602
663542,"Hudson, Bryan",L,ST,84,0.239316239316239,-3,0.124088427705973,0.879450773638572,0.879450773638572,-3,0.21046685181094
663542,"Hudson, Bryan",L,FF,253,0.720797720797721,-3,0.124088427705973,-0.126703813631333,0.0540282264962908,3,-0.0913278200818442
657612,"Hill, Tim",L,SI,261,0.87,-2,0.123239402925468,0.123239402925468,0.123239402925468,-2,0.107218280545157
657277,"Webb, Logan",R,CH,268,0.287862513426423,-5,0.12302562652495,0.257506938850856,0.317155643622998,5,0.0741265946423517
657277,"Webb, Logan",R,ST,125,0.134264232008593,-5,0.12302562652495,0.392379171249333,0.400185282385869,-2,0.0526824880839598
657277,"Webb, Logan",R,FF,139,0.149301825993555,-5,0.12302562652495,0.0861552229755239,0.0861552229755239,-5,0.0128631321091276
657277,"Webb, Logan",R,FC,143,0.15359828141783,-5,0.12302562652495,0.059174833705202,0.059174833705202,-5,0.00908915276030492
657277,"Webb, Logan",R,SI,256,0.274973147153598,-5,0.12302562652495,-0.0935936520973031,0.0347044580472523,2,-0.0257357410707944
666974,"Cano, Yennier",R,FS,64,0.292237442922374,3,0.122381934490255,0.198453535488683,0.264463185164534,-3,0.0579955537501174
666974,"Cano, Yennier",R,SI,128,0.584474885844749,3,0.122381934490255,0.0843461339910404,0.0843461339910404,3,0.0492981970358592
676083,"Junk, Janson",R,ST,103,0.166666666666667,4,0.122144574811024,0.513802533105558,0.513802533105558,4,0.085633755517593
676083,"Junk, Janson",R,CH,101,0.163430420711974,4,0.122144574811024,0.111113039140373,0.157863936867873,3,0.0181592507332972
676083,"Junk, Janson",R,SL,135,0.218446601941748,4,0.122144574811024,0.0342476957191194,0.133147060452415,3,0.00748129275417656
676083,"Junk, Janson",R,FF,211,0.341423948220065,4,0.122144574811024,-0.00752606937946954,0.00503749188192308,3,-0.00256958032211662
656848,"Petersen, Michael",R,SL,82,0.2296918767507,4,0.121078783942059,0.337965923884636,0.337965923884636,4,0.0776280273348463
656848,"Petersen, Michael",R,FF,246,0.689075630252101,4,0.121078783942059,0.0487830706278666,0.0487830706278666,4,0.0336152251385299
623454,"Anderson, Drew",R,CH,170,0.306859205776173,-3,0.120151376079714,0.188161299850627,0.188161299850627,-3,0.0577390270299758
623454,"Anderson, Drew",R,CU,92,0.166064981949459,-3,0.120151376079714,0.208291219831064,0.760009474002491,3,0.0345898776614763
623454,"Anderson, Drew",R,FF,248,0.447653429602888,-3,0.120151376079714,0.0408346314580232,0.0408346314580232,-3,0.018279762818754
650911,"Sánchez, Cristopher",L,CH,475,0.411255411255411,-1,0.119549030894977,0.196313010274501,0.201595008215837,-2,0.0807347877752277
650911,"Sánchez, Cristopher",L,SL,216,0.187012987012987,-1,0.119549030894977,0.152075120228282,0.152075120228282,-1,0.0284400224842501
650911,"Sánchez, Cristopher",L,SI,464,0.401731601731602,-1,0.119549030894977,0.0258237604181076,0.0414100783594018,-2,0.0103742206354995
622491,"Castillo, Luis",R,SL,236,0.241803278688525,-6,0.117773057698529,0.790542717547994,0.790542717547994,-6,0.191155821046441
622491,"Castillo, Luis",R,FF,452,0.463114754098361,-6,0.117773057698529,-0.0102760480069371,0,0,-0.00475898944583562
622491,"Castillo, Luis",R,SI,158,0.161885245901639,-6,0.117773057698529,-0.18349551803505,0.152430085573234,5,-0.0297052170589528
622491,"Castillo, Luis",R,CH,129,0.132172131147541,-6,0.117773057698529,-0.295366546795248,0.240384565847959,6,-0.0390392259596178
660825,"Bazardo, Eduard",R,ST,105,0.298295454545455,-2,0.117176070069744,0.427883899028972,0.427883899028972,-2,0.127635822153528
660825,"Bazardo, Eduard",R,SI,241,0.684659090909091,-2,0.117176070069744,-0.0181945608046086,0.0382860278621839,3,-0.0124570714599735
665795,"Cabrera, Edward",R,SL,72,0.120805369127517,-5,0.115951257977725,1.55858770526234,1.55858770526234,-5,0.188285763051826
665795,"Cabrera, Edward",R,CU,87,0.145973154362416,-5,0.115951257977725,0.0566126656622101,0.0566126656622101,-5,0.00826392938357765
665795,"Cabrera, Edward",R,FF,79,0.13255033557047,-5,0.115951257977725,-0.00843439287047786,0.0925490561933588,5,-0.00111798160531502
665795,"Cabrera, Edward",R,SI,137,0.229865771812081,-5,0.115951257977725,-0.0571040435221379,0.263002991811223,5,-0.0131262650378069
665795,"Cabrera, Edward",R,CH,221,0.370805369127517,-5,0.115951257977725,-0.178946135463692,0.219771586446989,5,-0.0663541878145568
669438,"Englert, Mason",R,CU,46,0.161971830985916,-2,0.115689636509291,0.671368553082072,0.671368553082072,-2,0.108742793809068
669438,"Englert, Mason",R,SI,63,0.221830985915493,-2,0.115689636509291,0.018072841030673,0.018072841030673,-2,0.00400911614412816
669438,"Englert, Mason",R,FF,48,0.169014084507042,-2,0.115689636509291,-0.012404126351547,0,0,-0.00209647205941639
669438,"Englert, Mason",R,CH,85,0.299295774647887,-2,0.115689636509291,-0.0403441450186472,0.0225194928171174,-1,-0.0120748321358627
642701,"Santana, Dennis",R,SL,75,0.304878048780488,-5,0.115435828277683,0.274259338930954,0.274259338930954,-5,0.0836156521130958
642701,"Santana, Dennis",R,FF,79,0.321138211382114,-5,0.115435828277683,-0.0353459856336495,0.0257836933481499,2,-0.0113509466059281
641927,"Ober, Bailey",R,ST,72,0.104803493449782,-2,0.115322347497436,0.703065062953428,0.778948134480927,-3,0.0736836747200099
641927,"Ober, Bailey",R,SL,114,0.165938864628821,-2,0.115322347497436,0.120329671533452,0.120329671533452,-2,0.01996736907542
641927,"Ober, Bailey",R,CH,245,0.356622998544396,-2,0.115322347497436,0.0359143845005276,0.0371057016264576,-1,0.0128078954914545
641927,"Ober, Bailey",R,FF,230,0.334788937409025,-2,0.115322347497436,0.0134381756770246,0.0134381756770246,-2,0.00449895255562687
685299,"Gordon, Tanner",R,SL,128,0.231046931407942,-2,0.114313155933492,0.423054474152283,0.423054474152283,-2,0.0977454380712856
685299,"Gordon, Tanner",R,CH,127,0.229241877256318,-2,0.114313155933492,0.0266186530537758,0.0569559180793988,-1,0.00610210999608218
685299,"Gordon, Tanner",R,FF,246,0.444043321299639,-2,0.114313155933492,-0.0010595549050501,0.00668782519367231,-1,-0.000470488279137771
669684,"Murphy, Chris",L,SL,48,0.244897959183673,1,0.113350890061816,0.325790291387996,0.325790291387996,1,0.0797853774827744
669684,"Murphy, Chris",L,FF,84,0.428571428571429,1,0.113350890061816,-0.00804305355314338,0.000261003093715196,-2,-0.00344702295134716
682254,"Montgomery, Mason",L,CU,53,0.143243243243243,2,0.111643176351588,0.52203816695415,0.52203816695415,2,0.0747784401312701
682254,"Montgomery, Mason",L,SL,56,0.151351351351351,2,0.111643176351588,0.188178738886491,0.188178738886491,2,0.0284811064260635
682254,"Montgomery, Mason",L,FF,211,0.57027027027027,2,0.111643176351588,0.0145580842491894,0.0145580842491894,2,0.0083020426394026
682254,"Montgomery, Mason",L,SI,41,0.110810810810811,2,0.111643176351588,-0.0237707643870533,0.0498002545509003,-2,-0.00263405767532212
800048,"Messick, Parker",L,CH,283,0.275828460038986,-1,0.111452805430967,0.269125215890835,0.269125215890835,-1,0.0742323938568287
800048,"Messick, Parker",L,CU,62,0.0604288499025341,-1,0.111452805430967,0.492239848794997,0.492239848794997,-1,0.0297454879388789
800048,"Messick, Parker",L,SI,166,0.161793372319688,-1,0.111452805430967,0.0447751311805148,0.0447751311805148,-1,0.0072443194697519
800048,"Messick, Parker",L,FF,411,0.400584795321637,-1,0.111452805430967,0.00694387823014218,0.00694387823014218,-1,0.00278161203955988
800048,"Messick, Parker",L,SL,54,0.0526315789473684,-1,0.111452805430967,0.0141136553295836,0.167908463350199,1,0.000742823964714924
800048,"Messick, Parker",L,FC,50,0.0487329434697856,-1,0.111452805430967,-0.0675894293315083,0.0050184780973345,1,-0.00329383183876746
669270,"Kuhnel, Joel",R,FC,61,0.271111111111111,-5,0.109035914948195,0.668037472818817,0.668037472818817,-5,0.181112381519768
669270,"Kuhnel, Joel",R,SI,125,0.555555555555556,-5,0.109035914948195,-0.163756845292669,0.273079013959162,6,-0.0909760251625941
656427,"Flaherty, Jack",R,CU,139,0.195224719101124,-1,0.10875167086534,0.351560761648981,0.351560761648981,-1,0.0686333509398995
656427,"Flaherty, Jack",R,SL,174,0.24438202247191,-1,0.10875167086534,0.0978167701192407,0.0978167701192407,-1,0.0239046601134099
656427,"Flaherty, Jack",R,FF,364,0.51123595505618,-1,0.10875167086534,0.0212577398513157,0.0212577398513157,-1,0.0108677209352232
605280,"Holmes, Clay",R,SI,224,0.505643340857788,3,0.108722252006617,0.228239443317454,0.228239443317454,3,0.115407754634559
605280,"Holmes, Clay",R,CH,78,0.17607223476298,3,0.108722252006617,0.262701622030739,0.447255296552553,-3,0.0462544616668119
605280,"Holmes, Clay",R,ST,70,0.158013544018059,3,0.108722252006617,-0.445309772500653,0.0588978855546385,-1,-0.0703649753387036
695611,"Jump, Gage",L,CU,69,0.110223642172524,-6,0.108002034278984,0.805824232536583,0.805824232536583,-6,0.0888208818610611
695611,"Jump, Gage",L,FF,322,0.514376996805112,-6,0.108002034278984,0.0551003443630328,0.0551003443630328,-6,0.0283423496563843
695611,"Jump, Gage",L,SL,146,0.233226837060703,-6,0.108002034278984,-0.105117058370592,0.384786768538585,6,-0.0245161190448984
622663,"Severino, Luis",R,ST,115,0.231388329979879,-2,0.107414364527987,0.446269959605739,0.446269959605739,-2,0.10326166067336
622663,"Severino, Luis",R,FF,113,0.227364185110664,-2,0.107414364527987,0.0148927366553656,0.0218139792900895,-3,0.00338607493371491
622663,"Severino, Luis",R,FC,112,0.225352112676056,-2,0.107414364527987,0.00469402136870558,0.0227163861396326,-3,0.00105780763238436
622663,"Severino, Luis",R,SI,118,0.237424547283702,-2,0.107414364527987,-0.0367277630185882,0.0753535248350241,3,-0.00872007250743141
695380,"Hoppe, Alex",R,SL,80,0.408163265306122,-1,0.107404286060727,0.264073912463253,0.264073912463253,-1,0.107785270393164
695380,"Hoppe, Alex",R,FF,74,0.377551020408163,-1,0.107404286060727,0.0138621021057832,0.0244548418708607,1,0.00523365079504059
695380,"Hoppe, Alex",R,SI,40,0.204081632653061,-1,0.107404286060727,-0.0328819264276771,0.0961582984797646,3,-0.00671059723013819
669330,"Wells, Tyler",R,CH,72,0.253521126760563,3,0.106739821784326,0.399155876772192,0.399155876772192,3,0.101194447632387
669330,"Wells, Tyler",R,FC,78,0.274647887323944,3,0.106739821784326,0.0262885645645294,0.0567494596399892,-3,0.00722009871842708
669330,"Wells, Tyler",R,FF,97,0.341549295774648,3,0.106739821784326,-0.0456185070402342,0.0141034728275407,1,-0.0155809689538828
669467,"Pallante, Andre",R,CU,108,0.124423963133641,-4,0.10612397888403,1.68347794809188,1.68347794809188,-4,0.209464998149681
669467,"Pallante, Andre",R,FF,280,0.32258064516129,-4,0.10612397888403,0.0340217014930825,0.0340217014930825,-4,0.0109747424171234
669467,"Pallante, Andre",R,SI,188,0.216589861751152,-4,0.10612397888403,-0.0673759212179627,0.036728273729016,4,-0.0145929414619551
669467,"Pallante, Andre",R,SL,271,0.31221198156682,-4,0.10612397888403,-0.327631038775777,0.0145113998054857,2,-0.102290335838981
687064,"Young, Brandon",R,CU,65,0.0778443113772455,-3,0.106116263685966,0.854525197839063,0.854525197839063,-3,0.0665199255802863
687064,"Young, Brandon",R,FS,161,0.192814371257485,-3,0.106116263685966,0.193798804064943,0.193798804064943,-3,0.0373671945562345
687064,"Young, Brandon",R,SL,130,0.155688622754491,-3,0.106116263685966,0.0546079184513597,0.187927024388394,-1,0.00850183161518175
687064,"Young, Brandon",R,FF,365,0.437125748502994,-3,0.106116263685966,-0.00650121134423153,0.00824272089119301,2,-0.00284184687502336
687064,"Young, Brandon",R,SI,114,0.136526946107784,-3,0.106116263685966,-0.025129406967064,0.0344037703898223,4,-0.00343084119071294
677952,"Ashcraft, Braxton",R,CU,270,0.253045923149016,-3,0.105210645454325,0.405228016955981,0.413878180043628,-2,0.102541297636471
677952,"Ashcraft, Braxton",R,SL,270,0.253045923149016,-3,0.105210645454325,0.169822995953761,0.169822995953761,-3,0.042973016783051
677952,"Ashcraft, Braxton",R,FF,321,0.300843486410497,-3,0.105210645454325,-0.0267828457743781,0.0400693410407391,3,-0.00805744469875856
677952,"Ashcraft, Braxton",R,FS,41,0.0384254920337395,-3,0.105210645454325,-0.24640145736151,0.243578933884367,3,-0.00946809723694651
677952,"Ashcraft, Braxton",R,SI,165,0.154639175257732,-3,0.105210645454325,-0.147298554790716,0.0976290003947315,3,-0.0227781270294921
656271,"Burke, Brock",L,SL,70,0.220820189274448,-1,0.105070594418369,0.265556732417736,0.291130911649546,-2,0.0586402879155885
656271,"Burke, Brock",L,CH,53,0.167192429022082,-1,0.105070594418369,0.267522960872649,0.267522960872649,-1,0.0447278136474775
656271,"Burke, Brock",L,FF,142,0.44794952681388,-1,0.105070594418369,0.00700736984980963,0.00700736984980963,-1,0.00313894800843208
656271,"Burke, Brock",L,SI,52,0.16403785488959,-1,0.105070594418369,-0.00875685160657717,0.00105768204397837,2,-0.00143645515312938
671737,"Bradley, Taj",R,FC,280,0.271844660194175,-2,0.103149680067357,0.301214978003073,0.301214978003073,-2,0.0818836833406412
671737,"Bradley, Taj",R,CU,69,0.0669902912621359,-2,0.103149680067357,0.525286032456916,0.525286032456916,-2,0.0351890643102206
671737,"Bradley, Taj",R,FF,485,0.470873786407767,-2,0.103149680067357,-0.00324343554626788,0,0,-0.0015272487766407
671737,"Bradley, Taj",R,FS,196,0.190291262135922,-2,0.103149680067357,-0.0651412927095407,0.0665999346427456,2,-0.0123958188068641
681870,"Sabrowski, Erik",L,FF,162,0.713656387665198,-6,0.103096517303585,0.066252681821377,0.066252681821377,-6,0.0472816495817757
681870,"Sabrowski, Erik",L,CU,44,0.193832599118943,-6,0.103096517303585,0.238748820669896,0.238748820669896,-6,0.0462773044470283
681911,"Vesia, Alex",L,CH,42,0.138157894736842,-2,0.102714818730925,0.46251491917863,0.46251491917863,-2,0.0639000875181003
681911,"Vesia, Alex",L,FF,181,0.595394736842105,-2,0.102714818730925,0.0379190947247796,0.0379190947247796,-2,0.022576829424951
681911,"Vesia, Alex",L,SL,81,0.266447368421053,-2,0.102714818730925,0.060942248685352,0.113425650706448,2,0.0162379017878734
675660,"Drohan, Shane",L,CU,84,0.131045241809672,-2,0.101595485907703,0.624869412585188,0.624869412585188,-2,0.0818861632716939
675660,"Drohan, Shane",L,SL,137,0.213728549141966,-2,0.101595485907703,0.032642649524775,0.169003525458563,2,0.00697666612307983
675660,"Drohan, Shane",L,FC,89,0.138845553822153,-2,0.101595485907703,0.0317229859904219,0.0412650643900117,-1,0.00440459555873253
675660,"Drohan, Shane",L,SI,121,0.188767550702028,-2,0.101595485907703,0.0212504056171815,0.0212504056171815,-2,0.00401138701977998
675660,"Drohan, Shane",L,FF,186,0.290171606864275,-2,0.101595485907703,0.00176718457084109,0.006077209021348,-1,0.000512786786546712
669022,"Gore, MacKenzie",L,CU,186,0.163157894736842,2,0.098510052622138,0.617044768971385,0.617044768971385,2,0.100675725463752
669022,"Gore, MacKenzie",L,SL,113,0.0991228070175439,2,0.098510052622138,0.383981087896314,0.383981087896314,2,0.0380612832739329
669022,"Gore, MacKenzie",L,SI,65,0.0570175438596491,2,0.098510052622138,0.0144338338256669,0.0144338338256669,2,0.00082298175321785
669022,"Gore, MacKenzie",L,FC,87,0.0763157894736842,2,0.098510052622138,0.000293773868828307,0.00992511827753584,-1,2.24195847263708e-05
669022,"Gore, MacKenzie",L,FF,559,0.490350877192982,2,0.098510052622138,-0.0250579369459964,0.0251882462474275,-2,-0.0122871813621158
669022,"Gore, MacKenzie",L,CH,130,0.114035087719298,2,0.098510052622138,-0.252423851878218,0.207494040787979,-2,-0.0287851760913758
676664,"Sears, JP",L,CH,46,0.221153846153846,-2,0.0968829434287647,0.242007431141687,0.242007431141687,-2,0.0535208741947961
676664,"Sears, JP",L,FF,82,0.394230769230769,-2,0.0968829434287647,0.015471645443467,0.0192150249545983,-1,0.00609939868444372
693821,"Elder, Bryce",R,SL,249,0.278835386338186,-3,0.0956455725211313,0.354891022173006,0.354891022173006,-3,0.0989561752755637
693821,"Elder, Bryce",R,FC,170,0.19036954087346,-3,0.0956455725211313,0.0592624077188731,0.0774884658992202,-5,0.0112817573484977
693821,"Elder, Bryce",R,FF,166,0.185890257558791,-3,0.0956455725211313,-0.010393383738646,0.00987497364190373,1,-0.00193202878008425
693821,"Elder, Bryce",R,CH,105,0.117581187010078,-3,0.0956455725211313,-0.030732196408847,0.1933279573878,3,-0.0036135281331791
693821,"Elder, Bryce",R,SI,203,0.227323628219485,-3,0.0956455725211313,-0.0397970209279429,0.0245670134585513,5,-0.00904680318966675
656605,"Keller, Mitch",R,ST,148,0.1699196326062,-2,0.0940536662814916,0.485497770541684,0.485497770541684,-2,0.0824956028015721
656605,"Keller, Mitch",R,SL,91,0.104477611940299,-2,0.0940536662814916,0.14917616127855,0.14917616127855,-2,0.0155855690888037
656605,"Keller, Mitch",R,FF,289,0.331802525832377,-2,0.0940536662814916,0.00824845813199,0.00824845813199,-2,0.00273685924241689
656605,"Keller, Mitch",R,FC,75,0.0861079219288175,-2,0.0940536662814916,0.021674140395553,0.0380220418080627,-1,0.00186631518905451
656605,"Keller, Mitch",R,SI,138,0.158438576349024,-2,0.0940536662814916,-0.00689594595306707,0.0400424335165498,2,-0.00109258385938376
656605,"Keller, Mitch",R,CH,79,0.0907003444316877,-2,0.0940536662814916,-0.0176839933992001,0.0261955434182369,-1,-0.00160394429223514
656605,"Keller, Mitch",R,CU,51,0.0585533869115959,-2,0.0940536662814916,-0.101346005786071,0.235260210857391,-1,-0.00593415188873663
681217,"Silseth, Chase",R,ST,58,0.173134328358209,2,0.093940584744553,0.334469051587874,0.334469051587874,2,0.0579080746032737
681217,"Silseth, Chase",R,FS,78,0.232835820895522,2,0.093940584744553,0.0852470910924982,0.0852470910924982,2,0.0198485764334772
681217,"Silseth, Chase",R,SI,53,0.158208955223881,2,0.093940584744553,0.0970537912211765,0.0970537912211765,2,0.015354778909619
681217,"Silseth, Chase",R,FF,146,0.435820895522388,2,0.093940584744553,0.00190251272185848,0.00295986979511169,1,0.000829154798183098
688642,"Agnos, Zach",R,ST,60,0.11214953271028,-3,0.0924637013104947,0.563714780275873,0.585594094293587,-5,0.0632203491898176
688642,"Agnos, Zach",R,SL,73,0.136448598130841,-3,0.0924637013104947,0.393864380608677,0.466880426563476,-4,0.053742242587726
688642,"Agnos, Zach",R,FF,127,0.237383177570093,-3,0.0924637013104947,-0.00275658553508912,0.0253814956745456,3,-0.000654367033563211
688642,"Agnos, Zach",R,FS,62,0.11588785046729,-3,0.0924637013104947,-0.0110110935582737,0.28356898167828,6,-0.00127605196376256
688642,"Agnos, Zach",R,SI,77,0.14392523364486,-3,0.0924637013104947,-0.0692120047194032,0.179370381283397,6,-0.00996135395026925
688642,"Agnos, Zach",R,FC,136,0.254205607476636,-3,0.0924637013104947,-0.0495941755360869,0.0676428108696605,3,-0.0126071175194539
656641,"Latz, Jacob",L,CH,86,0.209756097560976,-3,0.0911994626200452,0.552401187834381,0.552401187834381,-3,0.115869517448187
656641,"Latz, Jacob",L,FF,247,0.602439024390244,-3,0.0911994626200452,0.0114876745015426,0.0115477507503834,-2,0.00692062341922198
656641,"Latz, Jacob",L,SL,61,0.148780487804878,-3,0.0911994626200452,-0.236251958743278,0.924415186960528,3,-0.0351496816666828
808967,"Yamamoto, Yoshinobu",R,CU,104,0.102463054187192,-3,0.0911152370773303,0.412725722340637,0.424773349423548,3,0.0422891380526367
808967,"Yamamoto, Yoshinobu",R,SL,76,0.0748768472906404,-3,0.0911152370773303,0.514066717855485,0.514066717855485,-3,0.0384916951300658
808967,"Yamamoto, Yoshinobu",R,FS,297,0.292610837438424,-3,0.0911152370773303,0.038766839650665,0.038766839650665,-3,0.0113435974150222
808967,"Yamamoto, Yoshinobu",R,FC,154,0.151724137931034,-3,0.0911152370773303,0.043918742214492,0.043918742214492,-3,0.00666353330150913
808967,"Yamamoto, Yoshinobu",R,FF,258,0.254187192118227,-3,0.0911152370773303,-0.00448491757505821,0,0,-0.00114000860528573
808967,"Yamamoto, Yoshinobu",R,SI,126,0.124137931034483,-3,0.0911152370773303,-0.0526246745227548,0.0513839325117149,3,-0.00653271821661783
571945,"Mikolas, Miles",R,CU,84,0.0977881257275902,-5,0.0909197649011708,0.850974278257538,0.93024329465803,-6,0.0832151797131935
571945,"Mikolas, Miles",R,SL,195,0.227008149010477,-5,0.0909197649011708,0.115663376592539,0.122624613767662,-1,0.0262565290285741
571945,"Mikolas, Miles",R,CH,66,0.0768335273573923,-5,0.0909197649011708,0.038095549515535,0.038095549515535,-5,0.00292701544589676
571945,"Mikolas, Miles",R,FF,237,0.275902211874272,-5,0.0909197649011708,-0.000146452971443009,0.00965330410385153,-3,-4.04066987566859e-05
571945,"Mikolas, Miles",R,SI,239,0.278230500582072,-5,0.0909197649011708,-0.0915090700381193,0.0778110183248767,6,-0.0254606143645058
670970,"Morejon, Adrian",L,SL,57,0.122317596566524,3,0.0909119177411751,1.48031825336977,1.48031825336977,3,0.181068970905744
670970,"Morejon, Adrian",L,FF,85,0.182403433476395,3,0.0909119177411751,-0.0222021758900802,0.0165805562450903,2,-0.00404975311299746
670970,"Morejon, Adrian",L,SI,200,0.429184549356223,3,0.0909119177411751,-0.0448044505021152,0.0491280755024877,-3,-0.0192293778979035
670970,"Morejon, Adrian",L,CH,124,0.266094420600858,3,0.0909119177411751,-0.251331546158139,0.145293760756254,-3,-0.0668779221536679
656849,"Peterson, David",L,SL,216,0.258992805755396,6,0.0905426088649181,0.396152117602034,0.396152117602034,6,0.102600548443692
656849,"Peterson, David",L,CU,64,0.0767386091127098,6,0.0905426088649181,0.242366694889721,0.266593831795258,5,0.0185988830610817
656849,"Peterson, David",L,FF,201,0.241007194244604,6,0.0905426088649181,0.0575055100763924,0.0698980128478891,3,0.0138592416371162
656849,"Peterson, David",L,SI,247,0.296163069544365,6,0.0905426088649181,-0.054682091840406,0.10000888113401,-6,-0.0161948161685615
656849,"Peterson, David",L,CH,106,0.127098321342926,6,0.0905426088649181,-0.222829442664287,0.869763124951679,-6,-0.0283212481084105
672782,"Gómez, Yoendrys",R,ST,78,0.228070175438597,-2,0.0902867275112345,0.305902464103387,0.305902464103387,-2,0.0697672286551585
672782,"Gómez, Yoendrys",R,FF,157,0.45906432748538,-2,0.0902867275112345,0.0413964279616908,0.0413964279616908,-2,0.0190036233625306
672782,"Gómez, Yoendrys",R,FC,51,0.149122807017544,-2,0.0902867275112345,-0.00640593852791268,0.077755309413192,-4,-0.000955271534864172
672782,"Gómez, Yoendrys",R,SI,41,0.119883040935673,-2,0.0902867275112345,-0.0124187470476205,0.0948479579823431,4,-0.00148879716067965
669358,"Baz, Shane",R,CU,361,0.333641404805915,-1,0.0902056322233208,0.250276010199082,0.250276010199082,-1,0.0835024396320414
669358,"Baz, Shane",R,FC,200,0.184842883548983,-1,0.0902056322233208,0.0751949359340128,0.184277176340972,-3,0.013899248786324
669358,"Baz, Shane",R,SI,87,0.0804066543438078,-1,0.0902056322233208,0.00310042927165317,0.0386456939845666,4,0.00024929514476324
669358,"Baz, Shane",R,FF,345,0.318853974121996,-1,0.0902056322233208,-0.00816082311315225,0.0205313041194646,3,-0.00260211088173524
669358,"Baz, Shane",R,CH,89,0.0822550831792976,-1,0.0902056322233208,-0.0588807435464547,0.0862741673028332,3,-0.00484324045807252
670245,"Watson, Ryan",R,ST,66,0.190751445086705,-2,0.0900054680531458,0.263978795398905,0.263978795398905,-2,0.0503543366945888
670245,"Watson, Ryan",R,FC,94,0.271676300578035,-2,0.0900054680531458,0.144686101632618,0.144686101632618,-2,0.0393077848366071
670245,"Watson, Ryan",R,FF,77,0.222543352601156,-2,0.0900054680531458,-0.00419129002650566,0.00684854323004696,2,-0.000932743734222357
670245,"Watson, Ryan",R,SI,69,0.199421965317919,-2,0.0900054680531458,-0.0457781375868148,0.0384098542865268,1,-0.00912916616615672
572955,"Johnson, Pierce",R,CU,115,0.642458100558659,-4,0.089929611904326,0.120378552092,0.120378552092,-4,0.0773381759250279
572955,"Johnson, Pierce",R,FF,64,0.357541899441341,-4,0.089929611904326,0.0352166725045995,0.0352166725045995,-4,0.0125914359792981
672335,"Pérez, Cionel",L,ST,86,0.315018315018315,-3,0.087717281481826,0.219316383849384,0.219316383849384,-3,0.0690886776961428
672335,"Pérez, Cionel",L,SI,87,0.318681318681319,-3,0.087717281481826,0.0512808850753617,0.0512808850753617,-3,0.0163422600789614
672335,"Pérez, Cionel",L,CU,40,0.146520146520147,-3,0.087717281481826,0.0240656846397148,0.224692495682621,-2,0.00352610763951865
672335,"Pérez, Cionel",L,FF,60,0.21978021978022,-3,0.087717281481826,-0.00564092589422593,0.0311760569596186,2,-0.00123976393279691
675848,"Mejia, Juan",R,ST,124,0.309226932668329,1,0.0874734082689522,0.239745986795143,0.239745986795143,1,0.0741359161162037
675848,"Mejia, Juan",R,FF,233,0.581047381546135,1,0.0874734082689522,0.00643564115630137,0.127545736786647,-6,0.00373941244243945
676775,"Winn, Keaton",R,FS,105,0.47085201793722,-2,0.0871036113850162,0.16393087344837,0.191336134111696,-3,0.077187182565376
676775,"Winn, Keaton",R,SI,52,0.233183856502242,-2,0.0871036113850162,0.00835243821855128,0.0191471883617514,3,0.00194765375499851
676775,"Winn, Keaton",R,FF,47,0.210762331838565,-2,0.0871036113850162,0.00259719623616575,0.00259719623616575,-2,0.000547391134976639
607067,"Rea, Colin",R,ST,86,0.0934782608695652,-2,0.0867835384854485,0.601039114004603,0.601039114004603,-2,0.0561840910917346
607067,"Rea, Colin",R,SL,113,0.122826086956522,-2,0.0867835384854485,0.130776828016495,0.130776828016495,-2,0.0160628060498522
607067,"Rea, Colin",R,CH,172,0.18695652173913,-2,0.0867835384854485,0.0529935230180422,0.107075631757887,2,0.00990748473815571
607067,"Rea, Colin",R,FC,45,0.0489130434782609,-2,0.0867835384854485,0.0965728165335656,0.1251524530482,-1,0.00472367037392441
607067,"Rea, Colin",R,SI,73,0.0793478260869565,-2,0.0867835384854485,-0.00648581202070444,0.00294785105318817,-1,-0.000514635084251548
607067,"Rea, Colin",R,FF,401,0.435869565217391,-2,0.0867835384854485,-0.00552866469778796,0,0,-0.00240977667805758
669923,"Kirby, George",R,ST,312,0.291316526610644,-2,0.0867056338196524,0.243210441128457,0.243210441128457,-2,0.0708512209449846
669923,"Kirby, George",R,CU,99,0.092436974789916,-2,0.0867056338196524,0.21364747420829,0.962951675649709,2,0.0197489261873209
669923,"Kirby, George",R,FF,355,0.331465919701214,-2,0.0867056338196524,0.00157614552131648,0.00157614552131648,-2,0.000522438524806116
669923,"Kirby, George",R,SI,203,0.189542483660131,-2,0.0867056338196524,-0.00878061330862077,0.00975535833713278,2,-0.00166429925457518
669923,"Kirby, George",R,CH,62,0.057889822595705,-2,0.0867056338196524,-0.10348897208153,0.0478645600825008,1,-0.00599095823441164
694335,"Svanson, Matt",R,ST,97,0.286135693215339,-2,0.0852928337695544,0.173092807894015,0.212614281358449,-1,0.0495280305773435
694335,"Svanson, Matt",R,FC,77,0.227138643067847,-2,0.0852928337695544,0.158140082133048,0.158140082133048,-2,0.0359197236703384
694335,"Svanson, Matt",R,SI,163,0.480825958702065,-2,0.0852928337695544,-0.00136873441487345,0.0078033788633223,2,-0.000658123037240037
800311,"Fuentes, Didier",R,SL,91,0.212121212121212,-3,0.0842557866364946,0.414946048935876,0.414946048935876,-3,0.0880188588651859
800311,"Fuentes, Didier",R,FF,315,0.734265734265734,-3,0.0842557866364946,-0.011276955805549,0.0110467119692311,2,-0.00828028223484366
806188,"Gibson, Cade",L,ST,51,0.298245614035088,2,0.0839781871133024,0.175494327503253,0.175494327503253,2,0.0523404134658824
806188,"Gibson, Cade",L,SI,45,0.263157894736842,2,0.0839781871133024,-0.0197401053286412,0,0,-0.00519476456016874
700712,"Ureña, Walbert",R,CH,285,0.365853658536585,3,0.0819736138301574,0.245294163645969,0.245294163645969,3,0.0897417671875495
700712,"Ureña, Walbert",R,SI,234,0.300385109114249,3,0.0819736138301574,0.173569893912673,0.173569893912673,3,0.0521378115219069
700712,"Ureña, Walbert",R,FF,166,0.213093709884467,3,0.0819736138301574,0.00655376594310059,0.00655376594310059,3,0.00139656629852978
700712,"Ureña, Walbert",R,ST,94,0.120667522464698,3,0.0819736138301574,-0.508028423271581,0.546452149734761,-3,-0.0613025311778288
668390,"Winn, Cole",R,SL,43,0.209756097560976,-2,0.0792106238045194,0.249584954372132,0.253010679063421,-6,0.0523519660390326
668390,"Winn, Cole",R,FF,79,0.385365853658537,-2,0.0792106238045194,0.0280204156069664,0.0309631583408137,-3,0.0107981113802456
668390,"Winn, Cole",R,FC,53,0.258536585365854,-2,0.0792106238045194,0.0172847791479034,0.0552686866335142,-1,0.00446874777970186
689818,"Sandlin, David",R,CU,48,0.266666666666667,-1,0.0790909061111196,0.164127145107781,0.164127145107781,-1,0.0437672386954082
689818,"Sandlin, David",R,FF,64,0.355555555555556,-1,0.0790909061111196,0.0153137268636237,0.0240265333202842,-2,0.00544488066262176
688297,"Roycroft, Chris",R,FC,52,0.287292817679558,-15,0.0787961640031269,0.223805542127915,0.223805542127915,-15,0.0642977248102298
688297,"Roycroft, Chris",R,SI,92,0.50828729281768,-15,0.0787961640031269,-0.00316565841523186,0.172051095546578,5,-0.00160906394586371
669165,"Hurt, Kyle",R,CH,107,0.382142857142857,2,0.0782760341712243,0.169671318032324,0.169671318032324,2,0.0648386822480667
669165,"Hurt, Kyle",R,FF,155,0.553571428571429,2,0.0782760341712243,0.0151838059574328,0.0151838059574328,2,0.00840532115500746
805123,"Blubaugh, AJ",R,CH,116,0.203152364273205,2,0.0777255590976658,0.195358250254466,0.303078604716002,5,0.0396874904194713
805123,"Blubaugh, AJ",R,ST,116,0.203152364273205,2,0.0777255590976658,0.150192017111331,0.652631936505877,-4,0.0305118633711285
805123,"Blubaugh, AJ",R,FF,313,0.548161120840631,2,0.0777255590976658,0.00727347825493737,0.0192557111772198,4,0.00398703799263642
608372,"Sugano, Tomoyuki",R,ST,74,0.0967320261437909,-1,0.0764435457568928,0.34303985792187,0.34303985792187,-1,0.0331829405048607
608372,"Sugano, Tomoyuki",R,SL,68,0.0888888888888889,-1,0.0764435457568928,0.325881874133948,0.325881874133948,-1,0.0289672777007954
608372,"Sugano, Tomoyuki",R,CU,41,0.0535947712418301,-1,0.0764435457568928,0.288356779627164,0.442254543236172,-2,0.0154544156401487
608372,"Sugano, Tomoyuki",R,SI,146,0.190849673202614,-1,0.0764435457568928,0.0107681859741575,0.0132471090875314,2,0.00205510477415294
608372,"Sugano, Tomoyuki",R,FF,172,0.22483660130719,-1,0.0764435457568928,0.00705440414712888,0.00705440414712888,-1,0.0015860882526878
608372,"Sugano, Tomoyuki",R,FC,91,0.118954248366013,-1,0.0764435457568928,-0.0158502218326279,0.0626934804106201,-2,-0.00188545122453482
608372,"Sugano, Tomoyuki",R,FS,173,0.226143790849673,-1,0.0764435457568928,-0.0128981206172349,0.00253846286571319,1,-0.00291682989121782
696070,"Rojas, Kendry",L,SL,59,0.270642201834862,2,0.0755418048859698,0.213980560633384,0.213980560633384,2,0.0579121700796774
696070,"Rojas, Kendry",L,FF,96,0.440366972477064,2,0.0755418048859698,-0.00954034708379533,0.00921853247296555,1,-0.00420125376167134
702474,"Paredes, Mike",R,ST,55,0.213178294573643,-1,0.0749493586578856,0.323836177060167,0.323836177060167,-1,0.0690348439469348
702474,"Paredes, Mike",R,FF,94,0.364341085271318,-1,0.0749493586578856,0.0134379141567707,0.0142696925380981,1,0.00489598422766064
702474,"Paredes, Mike",R,FC,43,0.166666666666667,-1,0.0749493586578856,0.0286510363897151,0.0705337210087367,1,0.00477517273161919
702474,"Paredes, Mike",R,CH,66,0.255813953488372,-1,0.0749493586578856,-0.0146850560616498,0,0,-0.00375664224832901
702193,"Morris, Andrew",R,FC,85,0.197215777262181,-2,0.074931548919708,0.342919384939885,0.342919384939885,-2,0.0676291130391885
702193,"Morris, Andrew",R,SI,59,0.136890951276102,-2,0.074931548919708,-0.0169398367094586,0,0,-0.00231891036161962
702193,"Morris, Andrew",R,FF,208,0.482598607888631,-2,0.074931548919708,-0.00852303910718734,0.00256015364011489,2,-0.00411320680810897
680744,"Madden, Ty",R,SL,50,0.214592274678112,-3,0.0748533858753759,0.115122824861519,0.115122824861519,-3,0.0247044688544033
680744,"Madden, Ty",R,FC,44,0.188841201716738,-3,0.0748533858753759,0.105989364051938,0.176972524609656,3,0.0200151588767608
680744,"Madden, Ty",R,FF,86,0.369098712446352,-3,0.0748533858753759,0.0355108860024003,0.0355108860024003,-3,0.0131070223013151
687075,"Sproat, Brandon",R,CU,71,0.0979310344827586,-2,0.0748459303118078,0.604473045760378,0.604473045760378,-2,0.0591966706882577
687075,"Sproat, Brandon",R,ST,69,0.0951724137931034,-2,0.0748459303118078,0.145827860263781,0.145827860263781,-2,0.0138787894595874
687075,"Sproat, Brandon",R,CH,61,0.0841379310344828,-2,0.0748459303118078,0.0644600025628463,0.0644600025628463,-2,0.00542353125011534
687075,"Sproat, Brandon",R,FF,193,0.266206896551724,-2,0.0748459303118078,0.00463542083069114,0.0049296858136629,-1,0.0012339809935495
687075,"Sproat, Brandon",R,FC,158,0.217931034482759,-2,0.0748459303118078,-0.00338934431004852,0,0,-0.000738643311707126
687075,"Sproat, Brandon",R,SI,173,0.238620689655172,-2,0.0748459303118078,-0.0173849081317711,0.0279617018441478,2,-0.00414839876799502
680730,"Parker, Mitchell",L,SL,152,0.517006802721089,4,0.0747405864190138,0.133526277511043,0.133526277511043,4,0.0690339938152333
680730,"Parker, Mitchell",L,FF,105,0.357142857142857,4,0.0747405864190138,-0.0103586997332577,0.0145491544549874,-5,-0.00369953561902062
608331,"Fried, Max",L,CH,74,0.138576779026217,-3,0.0741025337900441,0.65618924792973,0.65618924792973,-3,0.0909325924097379
608331,"Fried, Max",L,SI,125,0.234082397003745,-3,0.0741025337900441,0.0805593806957948,0.0805593806957948,-3,0.0188575329344089
608331,"Fried, Max",L,FF,105,0.196629213483146,-3,0.0741025337900441,-0.0202945175508967,0.0124342860083283,2,-0.00399049502405273
608331,"Fried, Max",L,FC,140,0.262172284644195,-3,0.0741025337900441,-0.0466095880253403,0.0175166500072862,1,-0.0122197421789282
608331,"Fried, Max",L,CU,53,0.099250936329588,-3,0.0741025337900441,-0.24797549007039,0.249606910751498,3,-0.0246117995762746
669199,"Bachar, Lake",R,CU,60,0.145985401459854,-1,0.0729252132602911,0.178821006092184,0.66748976795058,-6,0.0261052563638224
669199,"Bachar, Lake",R,SL,78,0.18978102189781,-1,0.0729252132602911,0.103547692885859,0.270107497424308,-6,0.0196513869710389
669199,"Bachar, Lake",R,ST,65,0.158150851581509,-1,0.0729252132602911,0.110122351386866,0.210226483368054,2,0.0174159436499909
669199,"Bachar, Lake",R,FF,148,0.360097323600973,-1,0.0729252132602911,-0.00248096889467656,0.0195387343165338,2,-0.000893390258910292
665622,"Medina, Luis",R,SL,56,0.153005464480874,-1,0.0693250218136601,0.428199767352414,0.428199767352414,-1,0.0655169042943584
665622,"Medina, Luis",R,FF,122,0.333333333333333,-1,0.0693250218136601,0.00237187384710131,0.0116494399549741,-3,0.000790624615700435
665622,"Medina, Luis",R,SI,102,0.278688524590164,-1,0.0693250218136601,-0.00530307242336325,0.0766784053505447,3,-0.00147790542946189
665622,"Medina, Luis",R,CH,54,0.147540983606557,-1,0.0693250218136601,-0.0106126834839999,0.197002901744388,3,-0.00156580575993442
815083,"Farris, Mitch",L,CH,77,0.262798634812287,-2,0.0684187613964869,0.2321352387559,0.2321352387559,-2,0.0610048238368747
815083,"Farris, Mitch",L,FF,126,0.430034129692833,-2,0.0684187613964869,0.0249201192972651,0.0249201192972651,-2,0.0107165018138409
815083,"Farris, Mitch",L,FC,55,0.187713310580205,-2,0.0684187613964869,-0.0611328722793832,0.0202791069938042,-1,-0.0114754538408399
593958,"Rodriguez, Eduardo",L,CH,305,0.277020890099909,-2,0.0670720971804891,0.288593353848152,0.288593353848152,-2,0.0799463877599332
593958,"Rodriguez, Eduardo",L,SI,94,0.0853769300635786,-2,0.0670720971804891,0.00596654904062443,0.00606240185905915,-1,0.000509405640162304
593958,"Rodriguez, Eduardo",L,FF,448,0.406902815622162,-2,0.0670720971804891,7.02431277847116e-05,0.0008438367193401,-1,2.85821264737065e-05
593958,"Rodriguez, Eduardo",L,CU,117,0.106267029972752,-2,0.0670720971804891,-0.0514093216630355,0.00673825387389354,2,-0.00546311592604465
593958,"Rodriguez, Eduardo",L,FC,137,0.124432334241599,-2,0.0670720971804891,-0.0638834147770726,0.0614946616214334,1,-0.00794916242003538
695534,"Petty, Chase",R,CH,45,0.199115044247788,2,0.0640836249840102,0.217742593491815,0.217742593491815,2,0.0433558261377508
695534,"Petty, Chase",R,SI,83,0.367256637168142,2,0.0640836249840102,-0.0192254543274503,0,0,-0.00706067570432909
688158,"Morgan, David",R,SI,46,0.262857142857143,-3,0.063740625198192,0.141462999239282,0.141462999239282,-3,0.0371845598000399
688158,"Morgan, David",R,FF,62,0.354285714285714,-3,0.063740625198192,0.00607563800641529,0.030558834822275,-1,0.00215251175084427
519141,"Pomeranz, Drew",L,FF,171,0.788018433179724,3,0.0633411932735804,0.0486133723762873,0.0486133723762873,3,0.0383082335315444
519141,"Pomeranz, Drew",L,CU,46,0.211981566820277,3,0.0633411932735804,0.11809026660917,0.136319281646346,-3,0.025032959742036
696131,"Black, Mason",R,FF,43,0.259036144578313,5,0.0631497768901157,0.0632300860391329,0.0632300860391329,5,0.016378877708932
696131,"Black, Mason",R,SI,43,0.259036144578313,5,0.0631497768901157,0.0630694677410986,0.0630694677410986,5,0.0163372717642605
683003,"Jones, Jared",R,SL,170,0.351239669421488,-4,0.0629604905478185,0.245431048397295,0.245431048397295,-4,0.0862051203048349
683003,"Jones, Jared",R,CH,56,0.115702479338843,-4,0.0629604905478185,-0.00986933459918266,0.0537590039809276,-2,-0.00114190648255006
683003,"Jones, Jared",R,FF,228,0.471074380165289,-4,0.0629604905478185,-0.0552040911459486,0.0297763877089274,3,-0.0260052330191659
663460,"Bubic, Kris",L,ST,52,0.144846796657382,1,0.0627082075904135,0.268193724822015,0.392811567002442,3,0.0388470019240802
663460,"Bubic, Kris",L,CH,83,0.231197771587744,1,0.0627082075904135,0.091461915937817,0.091461915937817,1,0.0211457911499688
663460,"Bubic, Kris",L,SI,47,0.13091922005571,1,0.0627082075904135,-0.00779793268225224,0.00810657010865094,-2,-0.0010208992648074
663460,"Bubic, Kris",L,FF,147,0.409470752089136,1,0.0627082075904135,-0.00367285428756245,0.033043623407152,-3,-0.001503926407442
680570,"Rodriguez, Grayson",R,SL,63,0.122330097087379,-3,0.0619303989855015,0.552015856337011,0.552015856337011,-3,0.067528153299479
680570,"Rodriguez, Grayson",R,CU,44,0.0854368932038835,-3,0.0619303989855015,0.525328778039391,0.618516902975493,-1,0.0448824587062781
680570,"Rodriguez, Grayson",R,FF,287,0.557281553398058,-3,0.0619303989855015,-0.00604920840609732,0.00613477251166089,1,-0.00337111225737851
680570,"Rodriguez, Grayson",R,CH,121,0.23495145631068,-3,0.0619303989855015,-0.200505676800675,0,0,-0.0471091007628771
689147,"Kerkering, Orion",R,ST,125,0.405844155844156,-4,0.0615084912456662,0.13985521816433,0.13985521816433,-4,0.0567594229563028
689147,"Kerkering, Orion",R,FF,105,0.340909090909091,-4,0.0615084912456662,0.0144303256637837,0.0234778817295597,-3,0.00491942920356262
689147,"Kerkering, Orion",R,SI,68,0.220779220779221,-4,0.0615084912456662,-0.00981700108867702,0.0921956540920137,4,-0.00216738985074687
691799,"Taylor, Grant",R,CU,80,0.185185185185185,-2,0.0614468465454809,0.277674643913004,0.277674643913004,-2,0.0514212303542599
691799,"Taylor, Grant",R,SL,65,0.150462962962963,-2,0.0614468465454809,0.113742958255104,0.113742958255104,-2,0.0171141025152355
691799,"Taylor, Grant",R,SI,53,0.122685185185185,-2,0.0614468465454809,-0.019872407179501,0.0444680046073376,2,-0.00243804995489249
691799,"Taylor, Grant",R,FF,233,0.539351851851852,-2,0.0614468465454809,-0.00888598866097096,0.00405552499764524,-1,-0.00479267443982924
670036,"Festa, Matt",R,ST,107,0.34185303514377,-1,0.0608847792420723,0.0802846608703439,0.0802846608703439,-1,0.0274455549940153
670036,"Festa, Matt",R,FF,163,0.520766773162939,-1,0.0608847792420723,0.0481498876210597,0.10029807662438,-4,0.0250748616045774
677958,"Rocker, Kumar",R,SL,359,0.397563676633444,-1,0.0607645352111031,0.0807248997625655,0.0807248997625655,-1,0.0320932879454718
677958,"Rocker, Kumar",R,FC,129,0.142857142857143,-1,0.0607645352111031,0.20656997908279,0.226127164016171,-2,0.0295099970118271
677958,"Rocker, Kumar",R,FF,101,0.111849390919158,-1,0.0607645352111031,0.00849781044073454,0.0146718418775096,2,0.000950474921942623
677958,"Rocker, Kumar",R,SI,272,0.301218161683278,-1,0.0607645352111031,-0.015322721890424,0.0710228061490254,2,-0.00461548211981763
686790,"McDonald, Trevor",R,SL,122,0.244979919678715,1,0.060440650238871,0.135998554349294,0.135998554349294,1,0.0333169149209115
686790,"McDonald, Trevor",R,SI,279,0.560240963855422,1,0.060440650238871,0.0363536120381458,0.0363536120381458,1,0.0203667826478769
686790,"McDonald, Trevor",R,CH,86,0.172690763052209,1,0.060440650238871,0.0313966892682975,0.0313966892682975,1,0.00542191822705539
663158,"Suarez, Robert",R,CH,56,0.306010928961749,4,0.058637771571606,0.247083273356166,0.247083273356166,4,0.0756101820106299
663158,"Suarez, Robert",R,FF,96,0.524590163934426,4,0.058637771571606,-0.0512887711360538,0.0104091329681214,-2,-0.0269055848582577
500779,"Quintana, Jose",L,CH,63,0.198738170347003,1,0.0583008492188001,0.323087797534959,0.495930432825636,2,0.0642098777435407
500779,"Quintana, Jose",L,ST,45,0.141955835962145,1,0.0583008492188001,0.0602064459592883,0.0602064459592883,1,0.00854665636646048
500779,"Quintana, Jose",L,FF,106,0.334384858044164,1,0.0583008492188001,0.0128536211847801,0.0128536211847801,1,0.00429805629522616
500779,"Quintana, Jose",L,SI,47,0.148264984227129,1,0.0583008492188001,0.00876408092629504,0.010651166592452,2,0.00129940632030242
500779,"Quintana, Jose",L,CU,56,0.176656151419558,1,0.0583008492188001,-0.113515138564881,0,0,-0.0200531475067298
801139,"Tolle, Payton",L,FC,198,0.218302094818082,1,0.0582206793875913,0.21083871303514,0.21083871303514,1,0.0460265327243195
801139,"Tolle, Payton",L,CU,72,0.0793825799338479,1,0.0582206793875913,0.20821029863459,0.20821029863459,1,0.0165282706744107
801139,"Tolle, Payton",L,SI,175,0.192943770672547,1,0.0582206793875913,-0.000611152460964273,0.00305757458287614,-1,-0.000117918060274253
801139,"Tolle, Payton",L,FF,436,0.480705622932745,1,0.0582206793875913,-0.0122427441777789,0.0206497482987323,-1,-0.00588515596638546
663978,"Paddack, Chris",R,FC,60,0.123456790123457,-2,0.057976385994091,0.37718613656414,0.37718613656414,-2,0.0465661896992766
663978,"Paddack, Chris",R,CU,40,0.0823045267489712,-2,0.057976385994091,0.276223156334094,0.276223156334094,-2,0.0227344161591847
663978,"Paddack, Chris",R,FF,166,0.34156378600823,-2,0.057976385994091,-0.0146302765874513,0.0130365569596169,2,-0.00499717266155743
663978,"Paddack, Chris",R,CH,147,0.302469135802469,-2,0.057976385994091,-0.0497089871982019,0,0,-0.0150354343994561
801403,"Dollander, Chase",R,SL,47,0.137426900584795,-1,0.057162322582081,0.445832794347507,0.480424693243853,-4,0.0612694191062363
801403,"Dollander, Chase",R,SI,77,0.225146198830409,-1,0.057162322582081,-0.0318772636037892,0.0513949777559333,1,-0.0071770447295081
801403,"Dollander, Chase",R,FF,154,0.450292397660819,-1,0.057162322582081,-0.0169380932404061,0.0108101346032427,2,-0.00762709461702497
601713,"Pivetta, Nick",R,FF,76,0.567164179104478,-4,0.0571525728165691,0.0571525728165691,0.0571525728165691,-4,0.0324148920452183
656288,"Canning, Griffin",R,CU,40,0.0735294117647059,-4,0.0558108908035996,1.39426232820189,1.39426232820189,-4,0.102519288838374
656288,"Canning, Griffin",R,SL,131,0.240808823529412,-4,0.0558108908035996,0.227099215615392,0.227099215615392,-4,0.0546874949367948
656288,"Canning, Griffin",R,SI,51,0.09375,-4,0.0558108908035996,-0.0249379147398121,0.0943590576286139,4,-0.00233792950685739
656288,"Canning, Griffin",R,FF,134,0.246323529411765,-4,0.0558108908035996,-0.0387593939356399,0.0349047417859596,4,-0.00954735071208776
656288,"Canning, Griffin",R,CH,145,0.266544117647059,-4,0.0558108908035996,-0.3523699423585,0.310899295930433,4,-0.0939221353712913
664299,"Javier, Cristian",R,ST,53,0.187943262411348,-1,0.0557219286769311,0.294806000967427,0.294806000967427,-1,0.0554068016002612
664299,"Javier, Cristian",R,FF,139,0.49290780141844,-1,0.0557219286769311,-0.00500863455680521,0,0,-0.00246879504750328
664299,"Javier, Cristian",R,CH,53,0.187943262411348,-1,0.0557219286769311,-0.0240876475854642,0.0397567986175733,2,-0.00452711107102696
641835,"Mayza, Tim",L,SL,101,0.288571428571429,-2,0.0556845816710597,0.137757861188901,0.137757861188901,-2,0.0397529828002258
641835,"Mayza, Tim",L,SI,213,0.608571428571429,-2,0.0556845816710597,0.0167672049982804,0.0167672049982804,-2,0.0102040418989535
592836,"Walker, Taijuan",R,FC,40,0.217391304347826,1,0.0555244958160977,0.0752232773865539,0.0781801558517579,2,0.0163528863883813
592836,"Walker, Taijuan",R,FS,57,0.309782608695652,1,0.0555244958160977,0.0417007894508652,0.0417007894508652,1,0.0129181793407572
552640,"Kittredge, Andrew",R,SL,102,0.47887323943662,-4,0.0547185402593813,0.0910201702416431,0.0910201702416431,-4,0.0435871237776882
552640,"Kittredge, Andrew",R,SI,82,0.384976525821596,-4,0.0547185402593813,0.00956285418388498,0.0290767738734315,1,0.00368147438065055
678606,"Ferrer, José A.",L,CH,54,0.149584487534626,-3,0.0546621094384487,0.202349127088559,0.202349127088559,-3,0.030268290478621
678606,"Ferrer, José A.",L,SI,273,0.756232686980609,-3,0.0546621094384487,0.0254492927604048,0.0424550670094001,3,0.0192455870459571
667463,"King, John",L,CH,41,0.234285714285714,-2,0.053940383220131,0.0920863002084738,0.0920863002084738,-2,0.021574504620271
667463,"King, John",L,SI,73,0.417142857142857,-2,0.053940383220131,0.0325159640896918,0.0335645153116594,-1,0.0135638021631286
594798,"deGrom, Jacob",R,SL,378,0.371681415929204,-1,0.0537189667388819,0.209603255768048,0.209603255768048,-1,0.077905634887239
594798,"deGrom, Jacob",R,FF,447,0.43952802359882,-1,0.0537189667388819,-0.000557208053823632,0,0,-0.000244908554630446
594798,"deGrom, Jacob",R,CU,50,0.0491642084562439,-1,0.0537189667388819,-0.245257641303008,0.234482757730401,1,-0.0120578978025078
594798,"deGrom, Jacob",R,CH,116,0.114060963618486,-1,0.0537189667388819,-0.116229142904142,0.180248744730462,1,-0.0132572080401972
621112,"Blackburn, Paul",R,SI,113,0.415441176470588,3,0.0530070754142682,0.0836452374403247,0.0836452374403247,3,0.0347496758483702
621112,"Blackburn, Paul",R,FC,55,0.202205882352941,3,0.0530070754142682,0.0885860838315478,0.0885860838315478,3,0.0179126272453497
621112,"Blackburn, Paul",R,CH,49,0.180147058823529,3,0.0530070754142682,-0.0575838995223597,0.00580935297321193,2,-0.0103735701345427
687606,"Schultz, Paxton",R,FC,99,0.464788732394366,-1,0.0529731928226714,0.0905304308264375,0.0905304308264375,-1,0.0420775241869358
687606,"Schultz, Paxton",R,FF,87,0.408450704225352,-1,0.0529731928226714,0.0102356461287307,0.0102356461287307,-1,0.00418075686948156
680573,"Woods Richardson, Simeon",R,SL,107,0.242081447963801,-4,0.0525232338051504,0.141548381857787,0.204041126373533,-2,0.0342662372370662
680573,"Woods Richardson, Simeon",R,FS,108,0.244343891402715,-4,0.0525232338051504,0.0784483797022907,0.144991453170073,3,0.0191683823706955
680573,"Woods Richardson, Simeon",R,FF,205,0.463800904977376,-4,0.0525232338051504,-0.00760167643154878,0.00442834775255563,-2,-0.00352566440829751
670280,"Bednar, David",R,CU,43,0.114973262032086,-2,0.0524905174205359,0.425475764510376,0.464822283539367,-1,0.0489183365613534
670280,"Bednar, David",R,FS,158,0.422459893048128,-2,0.0524905174205359,0.0305825815386348,0.0305825815386348,-2,0.0129199141259473
670280,"Bednar, David",R,FF,173,0.462566844919786,-2,0.0524905174205359,-0.0202083944610985,0.0274232695850372,2,-0.00934773326676484
695076,"Lowder, Rhett",R,SL,192,0.291350531107739,-3,0.052326087631981,0.332986451827703,0.332986451827703,-3,0.0970157795916829
695076,"Lowder, Rhett",R,FF,139,0.21092564491654,-3,0.052326087631981,0.019640814362871,0.019640814362871,-3,0.00414275143617462
695076,"Lowder, Rhett",R,SI,191,0.289833080424886,-3,0.052326087631981,-0.0754040406249604,0.0363718728646259,1,-0.0218545853708155
695076,"Lowder, Rhett",R,CH,129,0.195751138088012,-3,0.052326087631981,-0.141062148368768,0.0458365703275717,3,-0.0276130760843263
453286,"Scherzer, Max",R,SL,93,0.245382585751979,-1,0.0517361590823631,0.134819638110733,0.134819638110733,-1,0.0330823914097577
453286,"Scherzer, Max",R,CH,62,0.163588390501319,-1,0.0517361590823631,0.0632015716505386,0.0632015716505386,-1,0.0103390433834654
453286,"Scherzer, Max",R,FF,176,0.464379947229551,-1,0.0517361590823631,0.0214786632514516,0.0214786632514516,-1,0.00997426050727039
453286,"Scherzer, Max",R,CU,44,0.116094986807388,-1,0.0517361590823631,-0.0189979287045649,0.449126243283081,1,-0.00220556428232416
518886,"Kimbrel, Craig",R,FF,196,0.723247232472325,3,0.0512976103129033,0.0512976103129033,0.0512976103129033,3,0.0371008546912511
676571,"Poulin, PJ",L,ST,81,0.382075471698113,2,0.050895204014813,0.152159384831244,0.152159384831244,2,0.0581363687326922
676571,"Poulin, PJ",L,SI,46,0.216981132075472,2,0.050895204014813,-0.0226367034404508,0.0843989918534846,-2,-0.00491173753896574
676571,"Poulin, PJ",L,FF,66,0.311320754716981,2,0.050895204014813,-0.0221340520941076,0.0317839471195454,-2,-0.00689078980288254
642121,"Sulser, Cole",R,CH,121,0.373456790123457,-2,0.0498737968767654,0.1612629574597,0.1612629574597,-2,0.060224746458715
642121,"Sulser, Cole",R,FF,163,0.503086419753086,-2,0.0498737968767654,-0.0328138622062717,0.0106437114714484,1,-0.0165082084556244
679883,"Avila, Luinder",R,SL,111,0.207476635514019,3,0.0490629417979428,0.13415280743858,0.13415280743858,3,0.0278335731321165
679883,"Avila, Luinder",R,CU,75,0.14018691588785,3,0.0490629417979428,0.183024730372227,0.317455758152302,-3,0.025657672482088
679883,"Avila, Luinder",R,SI,156,0.291588785046729,3,0.0490629417979428,0.00872658295736343,0.025741847400925,4,0.00254457372214709
679883,"Avila, Luinder",R,CH,54,0.100934579439252,3,0.0490629417979428,-0.00150160240984666,0.194032361559416,-4,-0.000151563607722841
679883,"Avila, Luinder",R,FF,139,0.25981308411215,3,0.0490629417979428,-0.0262546975029998,0.0432354916568002,-4,-0.00682131393068594
669387,"Mlodzinski, Carmen",R,CU,79,0.106182795698925,2,0.0478634419911858,0.372807141511116,0.720935974311768,-8,0.039585704542175
669387,"Mlodzinski, Carmen",R,FS,216,0.290322580645161,2,0.0478634419911858,0.0910249515161413,0.236789025106415,8,0.0264265988272668
669387,"Mlodzinski, Carmen",R,FF,217,0.291666666666667,2,0.0478634419911858,0.00214392234382114,0.00512075801154537,-1,0.000625310683614498
669387,"Mlodzinski, Carmen",R,SI,111,0.149193548387097,2,0.0478634419911858,-0.0237853635903224,0.0900940417759048,7,-0.00354862279371745
669387,"Mlodzinski, Carmen",R,ST,66,0.0887096774193548,2,0.0478634419911858,-0.211519666136683,1.63125381049041,-8,-0.0187638413508348
680736,"Wrobleski, Justin",L,CH,40,0.0429645542427497,-2,0.0476892204647981,0.420237583962925,0.420237583962925,-2,0.0180553204710172
680736,"Wrobleski, Justin",L,CU,41,0.0440386680988185,-2,0.0476892204647981,0.364113090480777,0.364113090480777,-2,0.016035055542118
680736,"Wrobleski, Justin",L,FF,479,0.514500537056928,-2,0.0476892204647981,0.0275968855775202,0.0275968855775202,-2,0.0141986124507327
680736,"Wrobleski, Justin",L,SI,74,0.079484425349087,-2,0.0476892204647981,0.0373852485559254,0.0442458982901392,-1,0.00297154499800051
680736,"Wrobleski, Justin",L,SL,261,0.280343716433942,-2,0.0476892204647981,-0.019316874854426,0.0301417254089066,-1,-0.00541536448657915
671922,"Smith, Cade",R,FS,100,0.238663484486874,-3,0.0476549587246074,0.114846656595548,0.125080214680538,-1,0.0274097032447609
671922,"Smith, Cade",R,FF,284,0.677804295942721,-3,0.0476549587246074,0.0239959101785015,0.0239959101785015,-3,0.016264531004044
489446,"Yates, Kirby",R,FS,77,0.282051282051282,-1,0.0469894089321068,0.16489385669138,0.16489385669138,-1,0.046508523682184
489446,"Yates, Kirby",R,FF,194,0.710622710622711,-1,0.0469894089321068,0.000192282759612012,0.00346327033522634,2,0.000136640495841503
687330,"Kelly, Kevin",R,CH,76,0.274368231046931,2,0.0459787302758349,0.173862473771548,0.173862473771548,2,0.047702339374143
687330,"Kelly, Kevin",R,SI,166,0.59927797833935,2,0.0459787302758349,-0.0125704534932865,0.0636848692673794,-2,-0.00753319595626558
694819,"Misiorowski, Jacob",R,CU,94,0.0905587668593449,-2,0.0459419534126435,0.429945908475899,0.429945908475899,-2,0.0389353712877982
694819,"Misiorowski, Jacob",R,SL,133,0.128131021194605,-2,0.0459419534126435,0.24744333027534,0.24744333027534,-2,0.0317051665959733
694819,"Misiorowski, Jacob",R,FC,140,0.134874759152216,-2,0.0459419534126435,-0.0903762086748986,0.0231457122095391,1,-0.0121894693781173
694819,"Misiorowski, Jacob",R,FF,662,0.637764932562621,-2,0.0459419534126435,-0.0202385786212369,0.0359559027129211,2,-0.0129074557295365
699823,"Davis, Tyler",R,SL,50,0.292397660818713,-1,0.0454387282823107,0.150233789654862,0.150233789654862,-1,0.0439280086710123
699823,"Davis, Tyler",R,FF,113,0.660818713450292,-1,0.0454387282823107,-0.000930767900234115,0.0149821375581428,3,-0.000615068846353538
675989,"Bolton, Cody",R,FF,45,0.298013245033113,-6,0.0437668169574094,0.0437668169574094,0.0437668169574094,-6,0.0130430911462478
663903,"Singer, Brady",R,ST,141,0.15,-2,0.0435659438717678,0.291853808800439,0.291853808800439,-2,0.0437780713200658
663903,"Singer, Brady",R,FC,72,0.0765957446808511,-2,0.0435659438717678,0.217707120445577,0.217707120445577,-2,0.0166754390128527
663903,"Singer, Brady",R,SI,428,0.45531914893617,-2,0.0435659438717678,-0.0040193927517006,0.0558420519658399,2,-0.00183010648694453
663903,"Singer, Brady",R,SL,276,0.293617021276596,-2,0.0435659438717678,-0.0549131488579876,0,0,-0.0161234351966006
543037,"Cole, Gerrit",R,SL,127,0.208196721311475,-4,0.0432614260058603,0.558864887895801,0.558864887895801,-4,0.116353837316011
543037,"Cole, Gerrit",R,CU,65,0.10655737704918,-4,0.0432614260058603,-0.0632186824583326,0.147013026322406,1,-0.00673641698326494
543037,"Cole, Gerrit",R,FF,299,0.49016393442623,-4,0.0432614260058603,-0.0190368904235919,0.00201619516504253,1,-0.00933119710926884
543037,"Cole, Gerrit",R,CH,94,0.154098360655738,-4,0.0432614260058603,-0.381560233541413,0.114558092466936,4,-0.0587978064801522
676962,"Brown, Ben",R,CU,180,0.395604395604396,-2,0.0417392902789683,0.114686495504781,0.114686495504781,-2,0.045370481738155
676962,"Brown, Ben",R,FF,168,0.369230769230769,-2,0.0417392902789683,-0.00150797676568289,0.00228559398537222,2,-0.000556791421175222
676962,"Brown, Ben",R,SI,86,0.189010989010989,-2,0.0417392902789683,-0.0264578734087624,0.00492835213537806,-1,-0.00500082882011773
656529,"Hentges, Sam",L,SL,58,0.288557213930348,2,0.0414307082562343,0.144056056916173,0.144056056916173,2,0.0415684144335225
656529,"Hentges, Sam",L,SI,54,0.26865671641791,2,0.0414307082562343,-0.00554778830426714,0.0103828939607279,1,-0.0014904505892061
656529,"Hentges, Sam",L,FF,63,0.313432835820896,2,0.0414307082562343,-0.012782488696295,0.0158170375874116,-1,-0.00400645168092829
678394,"Bello, Brayan",R,SI,235,0.376602564102564,2,0.040818322672913,0.0643216572680702,0.0863164090058241,4,0.0242237010544816
678394,"Bello, Brayan",R,CH,132,0.211538461538462,2,0.040818322672913,0.0857005513101627,0.163201674494051,4,0.0181289627771498
678394,"Bello, Brayan",R,ST,83,0.133012820512821,2,0.040818322672913,0.0219258449561143,0.348547964529752,-4,0.00291641847973956
678394,"Bello, Brayan",R,FF,42,0.0673076923076923,2,0.040818322672913,-0.0141578483146973,0,0,-0.000952932098104624
678394,"Bello, Brayan",R,FC,105,0.168269230769231,2,0.040818322672913,-0.031283229498563,0.328517616506339,-4,-0.0052640049637005
675512,"Melton, Troy",R,SL,107,0.176859504132231,-1,0.0401376990786643,0.146505286145212,0.146505286145212,-1,0.0259108522603928
675512,"Melton, Troy",R,FC,138,0.228099173553719,-1,0.0401376990786643,0.052198025922693,0.0727467874152736,2,0.0119063265741019
675512,"Melton, Troy",R,FF,210,0.347107438016529,-1,0.0401376990786643,0.00133090487216339,0.00133090487216339,-1,0.000461966980420351
675512,"Melton, Troy",R,FS,44,0.0727272727272727,-1,0.0401376990786643,0.00611958841303668,0.105032088411589,2,0.000445060975493577
675512,"Melton, Troy",R,SI,50,0.0826446280991736,-1,0.0401376990786643,-0.0278509662802102,0,0,-0.0023017327504306
676106,"Hancock, Emerson",R,ST,122,0.122489959839357,-1,0.0394258972272133,0.339253886552249,0.339253886552249,-1,0.0415551949391309
676106,"Hancock, Emerson",R,FC,95,0.0953815261044177,-1,0.0394258972272133,0.0552091530890876,0.106213752285375,-2,0.0052659332765696
676106,"Hancock, Emerson",R,FF,458,0.459839357429719,-1,0.0394258972272133,-0.00503473661647516,0.00476399912917492,2,-0.00231517005054782
676106,"Hancock, Emerson",R,SI,245,0.245983935742972,-1,0.0394258972272133,-0.0328820770753301,0.0610869441208894,2,-0.00808846273439345
681517,"Leahy, Kyle",R,ST,119,0.145121951219512,-2,0.0387103978069395,0.213877341505088,0.213877341505088,-2,0.0310382971208603
681517,"Leahy, Kyle",R,CU,125,0.152439024390244,-2,0.0387103978069395,0.122517039795769,0.229621703638102,-1,0.0186763780176477
681517,"Leahy, Kyle",R,CH,124,0.151219512195122,-2,0.0387103978069395,0.0188367595603595,0.0290835879863862,2,0.00284848559205436
681517,"Leahy, Kyle",R,FF,190,0.231707317073171,-2,0.0387103978069395,-0.00483653400232786,0.00803382838234406,2,-0.00112066031761255
681517,"Leahy, Kyle",R,SI,106,0.129268292682927,-2,0.0387103978069395,-0.024432374812521,0.00458649106262175,2,-0.00315833137820393
681517,"Leahy, Kyle",R,SL,156,0.190243902439024,-2,0.0387103978069395,-0.0503236692743672,0.229977102770934,2,-0.00957377122780644
700241,"McGreevy, Michael",R,ST,87,0.0935483870967742,-1,0.0375253874864275,0.47037141337755,0.47037141337755,-1,0.0440024870578998
700241,"McGreevy, Michael",R,CU,92,0.0989247311827957,-1,0.0375253874864275,0.212861521364113,0.212861521364113,-1,0.0210572687801058
700241,"McGreevy, Michael",R,SI,173,0.186021505376344,-1,0.0375253874864275,-0.0037472074700633,0,0,-0.000697061174538657
700241,"McGreevy, Michael",R,FC,110,0.118279569892473,-1,0.0375253874864275,-0.00813241329127926,0,0,-0.000961898346280342
700241,"McGreevy, Michael",R,FF,234,0.251612903225806,-1,0.0375253874864275,-0.00883550979177647,0.0029316366620137,1,-0.00222312827018892
700241,"McGreevy, Michael",R,CH,198,0.212903225806452,-1,0.0375253874864275,-0.117916842782029,0.0842817884247797,1,-0.0251048762052061
592773,"Stanek, Ryne",R,SL,76,0.212290502793296,-2,0.0372273063413925,0.364820512709744,0.406461044083337,-3,0.0774479300724597
592773,"Stanek, Ryne",R,SI,41,0.114525139664804,-2,0.0372273063413925,-0.0419068167434838,0.0210353199574578,2,-0.00479938404045484
592773,"Stanek, Ryne",R,FF,192,0.536312849162011,-2,0.0372273063413925,-0.0198539425890298,0.0097345274508126,1,-0.0106479245170216
592773,"Stanek, Ryne",R,FS,49,0.136871508379888,-2,0.0372273063413925,-0.180996874125418,0.0497066054090409,1,-0.0247733151735908
677053,"Nardi, Andrew",L,FF,83,0.58041958041958,1,0.0370521902949369,0.0370521902949369,0.0370521902949369,1,0.0215058167446137
628452,"Iglesias, Raisel",R,CH,121,0.391585760517799,8,0.0364276265601351,0.0927586557581825,0.0927586557581825,8,0.0363229687596767
628452,"Iglesias, Raisel",R,SI,41,0.132686084142395,8,0.0364276265601351,0.130412981961436,0.130412981961436,8,0.0173039878977958
628452,"Iglesias, Raisel",R,FF,134,0.433656957928803,8,0.0364276265601351,-0.0431951652638731,0.00989270373919643,-1,-0.0187318839655631
686580,"Slaten, Justin",R,FC,50,0.320512820512821,-2,0.0362560926532748,0.130361354944339,0.130361354944339,-2,0.0417824855590831
686580,"Slaten, Justin",R,FF,55,0.352564102564103,-2,0.0362560926532748,-0.0492941457931474,0.00782541870395873,1,-0.0173793462732251
681035,"Scott, Christian",R,ST,154,0.219061166429587,-2,0.0346304508713068,0.192329562960509,0.192329562960509,-2,0.0421319384010218
681035,"Scott, Christian",R,FF,337,0.479374110953058,-2,0.0346304508713068,0.000752690610756475,0.0437175866454962,2,0.0003608203923541
681035,"Scott, Christian",R,CU,53,0.0753911806543385,-2,0.0346304508713068,-0.047746097349453,0.659747852384088,2,-0.00359963465081225
681035,"Scott, Christian",R,FC,125,0.177809388335704,-2,0.0346304508713068,-0.0333927571145438,0.0633094602768833,2,-0.00593754571737977
813349,"Early, Connelly",L,CU,68,0.0971428571428571,1,0.0343269238867571,0.391158503048229,1.03638814096982,2,0.037998254581828
813349,"Early, Connelly",L,CH,149,0.212857142857143,1,0.0343269238867571,0.154189875403437,0.154189875403437,1,0.0328204163358744
813349,"Early, Connelly",L,SL,56,0.08,1,0.0343269238867571,0.203034615702571,0.528323982509074,2,0.0162427692562057
813349,"Early, Connelly",L,SI,105,0.15,1,0.0343269238867571,0.0107592173743932,0.0168390629863531,-2,0.00161388260615897
813349,"Early, Connelly",L,FF,265,0.378571428571429,1,0.0343269238867571,-0.0123735702761477,0.0146726820075292,-2,-0.00468428017597021
813349,"Early, Connelly",L,ST,57,0.0814285714285714,1,0.0343269238867571,-0.609910229862066,0.837612386495345,-2,-0.0496641187173397
689266,"Dodd, Dylan",L,FC,86,0.308243727598566,2,0.0342962378549245,0.128144893826099,0.128144893826099,2,0.0394998597456793
689266,"Dodd, Dylan",L,SI,185,0.663082437275986,2,0.0342962378549245,-0.00933070492086492,0.0171003575005101,-2,-0.00618702656043015
544150,"Suárez, Albert",R,FC,80,0.224089635854342,-1,0.0341252474759908,0.145682602256582,0.145682602256582,-1,0.0326459612899904
544150,"Suárez, Albert",R,FF,191,0.535014005602241,-1,0.0341252474759908,0.0307091788495333,0.0313656065070734,-2,0.0164298407850444
544150,"Suárez, Albert",R,CH,63,0.176470588235294,-1,0.0341252474759908,-0.0971782330762936,0.206107607834154,2,-0.0171490999546401
686993,"Sterner, Justin",R,ST,54,0.221311475409836,-2,0.0311213970822632,0.282350572600973,0.282350572600973,-2,0.0624874218051333
686993,"Sterner, Justin",R,FF,118,0.483606557377049,-2,0.0311213970822632,-0.0223379335430404,0.00266763977333236,-1,-0.0108027711396671
686993,"Sterner, Justin",R,FC,72,0.295081967213115,-2,0.0311213970822632,-0.0696865815875215,0.0207782574944649,-1,-0.0205632535832031
805299,"Garcia, Brandyn",L,SI,73,0.553030303030303,-2,0.030311613290655,0.030311613290655,0.030311613290655,-2,0.0167632406834683
669947,"Scholtens, Jesse",R,SI,83,0.260188087774295,1,0.0292314838423134,0.0570666993442165,0.0570666993442165,1,0.0148480753779623
669947,"Scholtens, Jesse",R,SL,102,0.31974921630094,1,0.0292314838423134,0.030500903272326,0.0332417612248131,-1,0.00975263991779702
669947,"Scholtens, Jesse",R,FF,62,0.19435736677116,1,0.0292314838423134,0.00652606712020997,0.00652606712020997,1,0.00126838922085586
669947,"Scholtens, Jesse",R,FS,42,0.13166144200627,1,0.0292314838423134,0.00465844022924645,0.0720275189569371,2,0.000613336958082604
641745,"Keller, Brad",R,SL,47,0.232673267326733,2,0.0281629712690743,0.0814039400690945,0.0814039400690945,2,0.0189405207091458
641745,"Keller, Brad",R,SI,44,0.217821782178218,2,0.0281629712690743,0.0675627715509029,0.0675627715509029,2,0.0147166433081175
641745,"Keller, Brad",R,FF,57,0.282178217821782,2,0.0281629712690743,-0.0461513576081434,0.0706654488751576,-2,-0.0130229078399216
641941,"Pagán, Emilio",R,FF,132,0.745762711864407,3,0.0268263117234292,0.0268263117234292,0.0268263117234292,3,0.0200060629801845
693433,"Woo, Bryan",R,ST,125,0.119047619047619,-2,0.0262476288853787,0.224560592591359,0.224560592591359,-2,0.0267334038799237
693433,"Woo, Bryan",R,SL,157,0.14952380952381,-2,0.0262476288853787,0.143427939775135,0.143427939775135,-2,0.0214458919473298
693433,"Woo, Bryan",R,CH,66,0.0628571428571429,-2,0.0262476288853787,-0.0575365429122121,0.0348038591781077,2,-0.00361658269733905
693433,"Woo, Bryan",R,SI,192,0.182857142857143,-2,0.0262476288853787,-0.0405938785122974,0,0,-0.00742288064224867
693433,"Woo, Bryan",R,FF,503,0.479047619047619,-2,0.0262476288853787,-0.0231024794922446,0.0413823715093949,2,-0.0110671877948562
542888,"Armstrong, Shawn",R,ST,42,0.189189189189189,2,0.0260579184409346,0.187214702954316,0.187214702954316,2,0.0354189978562219
542888,"Armstrong, Shawn",R,FF,86,0.387387387387387,2,0.0260579184409346,-0.00654307636779685,0.0023009456184939,-1,-0.00253470525959698
542888,"Armstrong, Shawn",R,FC,59,0.265765765765766,2,0.0260579184409346,-0.0411437662372199,0,0,-0.0109346045405224
681916,"Smith, Dylan",R,ST,59,0.357575757575758,-1,0.0256713019439911,0.0526186771781928,0.0526186771781928,-1,0.0188151633546265
681916,"Smith, Dylan",R,FF,87,0.527272727272727,-1,0.0256713019439911,0.00739664517596921,0.00739664517596921,-1,0.00390004927460195
650633,"King, Michael",R,ST,177,0.178787878787879,-2,0.0255110947341826,0.391559370229562,0.391559370229562,-2,0.0700060692228611
650633,"King, Michael",R,FF,177,0.178787878787879,-2,0.0255110947341826,0.000167427637889072,0.0290541118724331,2,2.99340322286523e-05
650633,"King, Michael",R,SI,255,0.257575757575758,-2,0.0255110947341826,-0.0242413968814847,0.0586120543066631,2,-0.00624399616644303
650633,"King, Michael",R,CH,344,0.347474747474748,-2,0.0255110947341826,-0.112912830628152,0,0,-0.039234357309176
592332,"Gausman, Kevin",R,SL,89,0.0777972027972028,-2,0.0249622803183368,0.508416678970756,0.508416678970756,-2,0.0395533954793682
592332,"Gausman, Kevin",R,FF,605,0.528846153846154,-2,0.0249622803183368,0.00388888594475757,0.00388888594475757,-2,0.00205662237463141
592332,"Gausman, Kevin",R,FS,448,0.391608391608392,-2,0.0249622803183368,-0.042622625672846,0.0738042176964234,2,-0.0166913778858698
605540,"Woodruff, Brandon",R,CH,68,0.213836477987421,2,0.0246163043873825,0.0823950518766701,0.0823950518766701,2,0.017619067696898
605540,"Woodruff, Brandon",R,FF,149,0.468553459119497,2,0.0246163043873825,0.0107968029282862,0.0107968029282862,2,0.00505887935948002
605540,"Woodruff, Brandon",R,SI,64,0.20125786163522,2,0.0246163043873825,-0.0046000879855273,0.0197463206260133,-2,-0.000925803871301091
656876,"Rasmussen, Drew",R,FC,300,0.314795383001049,2,0.0240282775265573,0.0399853474320229,0.0399853474320229,2,0.0125872027592937
656876,"Rasmussen, Drew",R,CH,119,0.124868835257083,2,0.0240282775265573,0.0369475864119871,0.0580571476564976,1,0.00461360208082525
656876,"Rasmussen, Drew",R,SI,194,0.203567681007345,2,0.0240282775265573,0.0220997975302164,0.0220997975302164,2,0.00449880453395802
656876,"Rasmussen, Drew",R,FF,297,0.311647429171039,2,0.0240282775265573,0.00399328220764927,0.0150863557998791,-2,0.00124449613396835
676917,"Cavalli, Cade",R,ST,124,0.119922630560928,-1,0.0235573934333122,0.29782553594909,0.29782553594909,-1,0.0357160217192333
676917,"Cavalli, Cade",R,CU,253,0.24468085106383,-1,0.0235573934333122,0.00367973922098885,0.434789700061965,-6,0.000900361724284506
676917,"Cavalli, Cade",R,FF,356,0.344294003868472,-1,0.0235573934333122,0.000685664922064664,0.00200751992454091,-2,0.000236070321329807
676917,"Cavalli, Cade",R,FC,64,0.0618955512572534,-1,0.0235573934333122,-0.0386184467053684,0,0,-0.00239031004752764
676917,"Cavalli, Cade",R,SI,160,0.154738878143133,-1,0.0235573934333122,-0.0189598919610289,0.106909398104054,6,-0.00293383241176463
676917,"Cavalli, Cade",R,CH,77,0.074468085106383,-1,0.0235573934333122,-0.107038039998693,0.276712925041467,5,-0.00797091787224313
641793,"Littell, Zack",R,FS,203,0.228861330326945,-1,0.0227112758542248,0.10870422388228,0.20397373522549,-4,0.0248781932898566
641793,"Littell, Zack",R,SL,244,0.275084554678692,-1,0.0227112758542248,0.0386418295602761,0.0386418295602761,-1,0.0106297704765585
641793,"Littell, Zack",R,FF,224,0.252536640360767,-1,0.0227112758542248,-0.00546713919924276,0.015609660027532,1,-0.00138065296576142
641793,"Littell, Zack",R,SI,150,0.169109357384442,-1,0.0227112758542248,-0.031486822567452,0.0490066611779053,2,-0.00532471633045976
641793,"Littell, Zack",R,ST,66,0.0744081172491545,-1,0.0227112758542248,-0.0818636304903721,0,0,-0.00609131861596906
665152,"Kremer, Dean",R,FS,131,0.341145833333333,-1,0.0226634693418469,0.0962410223290511,0.0962410223290511,-1,0.0328322237632961
665152,"Kremer, Dean",R,CU,44,0.114583333333333,-1,0.0226634693418469,0.119219050004697,0.119219050004697,-1,0.0136605161463715
665152,"Kremer, Dean",R,FF,90,0.234375,-1,0.0226634693418469,-0.00193214138795319,0,0,-0.000452845637801529
665152,"Kremer, Dean",R,SI,48,0.125,-1,0.0226634693418469,-0.0230794704169875,0.0109759832277984,1,-0.00288493380212344
665152,"Kremer, Dean",R,FC,65,0.169270833333333,-1,0.0226634693418469,-0.123149437064047,0.0133396170651985,2,-0.0208456078363621
664991,"Wolfram, Grant",L,SI,110,0.434782608695652,-1,0.0210851167620749,0.0280652432220569,0.0280652432220569,-1,0.0122022796617639
664991,"Wolfram, Grant",L,FF,64,0.25296442687747,-1,0.0210851167620749,0.00908802440898085,0.0165157382246742,-2,0.0022989468860663
663878,"Pearson, Nate",R,SL,59,0.312169312169312,-2,0.019910331444603,0.0780594113095625,0.0850982206866931,-4,0.0243677527368475
663878,"Pearson, Nate",R,FF,91,0.481481481481482,-2,0.019910331444603,-0.0177907203359752,0.0297031614829637,10,-0.00856590238398805
571578,"Corbin, Patrick",L,FC,114,0.178403755868545,1,0.0198961306620128,0.259744552760192,0.403929897079242,2,0.0463394037788135
571578,"Corbin, Patrick",L,CH,102,0.15962441314554,1,0.0198961306620128,0.0136154293669937,0.0136154293669937,1,0.00217335492243092
571578,"Corbin, Patrick",L,FF,75,0.117370892018779,1,0.0198961306620128,0.0093424662858569,0.0102233883723344,2,0.0010965336016264
571578,"Corbin, Patrick",L,SI,178,0.278560250391236,1,0.0198961306620128,-0.0149455432203714,0.0202351626414003,-2,-0.00416323426169971
571578,"Corbin, Patrick",L,SL,166,0.259780907668232,1,0.0198961306620128,-0.0988312537224711,0.351375803054611,-2,-0.0256744727980128
663567,"Lambert, Peter",R,ST,89,0.0973741794310722,-1,0.0195924222325887,0.211619762083095,0.211619762083095,-1,0.0206063006842401
663567,"Lambert, Peter",R,SL,118,0.12910284463895,-1,0.0195924222325887,0.117794589716245,0.381764528158307,-3,0.0152076166154452
663567,"Lambert, Peter",R,FC,88,0.0962800875273523,-1,0.0195924222325887,0.00544337808058306,0.0715821189007587,2,0.000524088918043008
663567,"Lambert, Peter",R,FF,302,0.330415754923414,-1,0.0195924222325887,-0.00145211056748152,0.00545239196382103,-3,-0.000479800209386672
663567,"Lambert, Peter",R,SI,88,0.0962800875273523,-1,0.0195924222325887,-0.0324220583233488,0.0893309859316267,3,-0.00312159861318895
663567,"Lambert, Peter",R,CH,229,0.25054704595186,-1,0.0195924222325887,-0.0524619442732907,0.0390633925646115,2,-0.0131441851625641
668984,"Legumina, Casey",R,SL,47,0.118686868686869,-2,0.0195823130728903,0.322622391939256,0.322622391939256,-2,0.038291041467538
668984,"Legumina, Casey",R,ST,54,0.136363636363636,-2,0.0195823130728903,0.0967188003374764,0.0967188003374764,-2,0.0131889273187468
668984,"Legumina, Casey",R,FF,186,0.46969696969697,-2,0.0195823130728903,-0.035490872475271,0.0407512627813802,2,-0.0166699552535364
668984,"Legumina, Casey",R,SI,77,0.194444444444444,-2,0.0195823130728903,-0.0864519922134583,0.0473188849524813,2,-0.0168101095970613
657746,"Ryan, Joe",R,CU,122,0.121151936444886,-2,0.0194093320474763,0.785519912283548,0.785519912283548,-2,0.0951672584891686
657746,"Ryan, Joe",R,SL,58,0.05759682224429,-2,0.0194093320474763,0.26522930332527,0.377904576402433,-1,0.0152763650376024
657746,"Ryan, Joe",R,FS,123,0.12214498510427,-2,0.0194093320474763,0.0200559895323632,0.0200559895323632,-2,0.0024497385426819
657746,"Ryan, Joe",R,SI,93,0.0923535253227408,-2,0.0194093320474763,-0.0407336874517156,0.0661815741618927,2,-0.00376189963556062
657746,"Ryan, Joe",R,FF,467,0.463753723932473,-2,0.0194093320474763,-0.0317441831963995,0.0257470925193742,2,-0.0147214831705249
657746,"Ryan, Joe",R,ST,144,0.142999006951341,-2,0.0194093320474763,-0.52448369268335,0,0,-0.0750006472158912
696149,"Chandler, Bubba",R,CH,146,0.151138716356108,7,0.01873008208482,0.424247401843536,0.424247401843536,7,0.0641202077320459
696149,"Chandler, Bubba",R,FF,475,0.491718426501035,7,0.01873008208482,0.0859865963032483,0.0859865963032483,7,0.042281193834413
696149,"Chandler, Bubba",R,SI,55,0.056935817805383,7,0.01873008208482,0.149442547799545,0.149442547799545,7,0.00850863367388711
696149,"Chandler, Bubba",R,SL,224,0.231884057971015,7,0.01873008208482,-0.420294732883197,0.198599483910261,-5,-0.0974596482047994
669372,"Ginn, J.T.",R,CH,211,0.242250287026406,2,0.0186561018829465,0.157895042732075,0.175951847089624,3,0.0382501194218919
669372,"Ginn, J.T.",R,SI,294,0.337543053960964,2,0.0186561018829465,0.0407841391150374,0.0703722044572851,3,0.0137664028700585
669372,"Ginn, J.T.",R,FF,94,0.107921928817451,2,0.0186561018829465,-0.00327743537171344,0.0221339436741785,-3,-0.000353707146889855
669372,"Ginn, J.T.",R,FC,128,0.146957520091848,2,0.0186561018829465,-0.0404858706553039,0.16253341054911,-3,-0.0059497031502628
669372,"Ginn, J.T.",R,SL,144,0.16532721010333,2,0.0186561018829465,-0.163657331995989,0.174515679837924,-3,-0.0270570101118513
700669,"Graceffo, Gordon",R,SL,109,0.33641975308642,1,0.0185285608486857,0.0369869442213612,0.0369869442213612,1,0.0124431386423715
700669,"Graceffo, Gordon",R,FF,139,0.429012345679012,1,0.0185285608486857,0.00405400122550848,0.00405400122550848,1,0.00173921657514098
687312,"Hughes, Gabriel",R,FF,177,0.591973244147157,-1,0.0184769023305833,0.0184769023305833,0.0184769023305833,-1,0.0109378318144256
657756,"Seabold, Connor",R,FF,113,0.585492227979275,3,0.0182110209619348,0.0182110209619348,0.0182110209619348,3,0.0106624112367805
641816,"Mahle, Tyler",R,SL,56,0.0727272727272727,2,0.0179720984219963,0.144253798371311,0.524793810411424,-8,0.0104911853360953
641816,"Mahle, Tyler",R,FC,123,0.15974025974026,2,0.0179720984219963,0.0409428858752413,0.279461881811601,-8,0.00654022722422686
641816,"Mahle, Tyler",R,FF,317,0.411688311688312,2,0.0179720984219963,0.00431374212788973,0.0116149965516746,1,0.00177591721368967
641816,"Mahle, Tyler",R,FS,268,0.348051948051948,2,0.0179720984219963,-0.00280209228202982,0.00827437127055453,1,-0.000975273677381807
518876,"Kelly, Merrill",R,SL,103,0.108079748163694,-1,0.0170208500679587,0.1856449486407,0.1856449486407,-1,0.0200644592969487
518876,"Kelly, Merrill",R,CU,83,0.087093389296957,-1,0.0170208500679587,0.185838160883386,0.185838160883386,-1,0.0161852752920473
518876,"Kelly, Merrill",R,FF,229,0.240293809024134,-1,0.0170208500679587,-0.00394836755785257,0,0,-0.000948768279903712
518876,"Kelly, Merrill",R,SI,93,0.0975865687303253,-1,0.0170208500679587,-0.0113940535143604,0.0312900603697851,1,-0.00111190658639614
518876,"Kelly, Merrill",R,FC,142,0.14900314795383,-1,0.0170208500679587,-0.0455108093006036,0,0,-0.00678125385171639
518876,"Kelly, Merrill",R,CH,303,0.31794333683106,-1,0.0170208500679587,-0.0326692042253432,0.0313454778502025,1,-0.010386955803021
690953,"Abel, Mick",R,FF,74,0.435294117647059,1,0.0158451971446769,0.0158451971446769,0.0158451971446769,1,0.00689732111003582
642528,"Loáisiga, Jonathan",R,SI,105,0.371024734982332,8,0.0148150753445913,0.181381822157127,0.181381822157127,8,0.0672971424964604
642528,"Loáisiga, Jonathan",R,CH,79,0.279151943462898,8,0.0148150753445913,0.211269593042344,0.211269593042344,8,0.0589763174923858
642528,"Loáisiga, Jonathan",R,FF,44,0.15547703180212,8,0.0148150753445913,-0.00555505016832877,0.0304126439893476,3,-0.000863682711683626
642528,"Loáisiga, Jonathan",R,CU,40,0.141342756183746,8,0.0148150753445913,-0.788013169427164,0.542827163887553,-7,-0.111379953275924
663372,"Feltner, Ryan",R,ST,71,0.105497771173848,-3,0.0146036722604189,0.346458736558646,0.346458736558646,-3,0.0365506245106447
663372,"Feltner, Ryan",R,CU,41,0.0609212481426449,-3,0.0146036722604189,0.531800448238015,0.531800448238015,-3,0.0323979470694779
663372,"Feltner, Ryan",R,CH,120,0.178306092124814,-3,0.0146036722604189,-0.0317943148981758,0.0337584593358469,2,-0.00566912004127949
663372,"Feltner, Ryan",R,SI,103,0.153046062407132,-3,0.0146036722604189,-0.0462343013204609,0.0155179070137903,3,-0.00707597776524142
663372,"Feltner, Ryan",R,FF,183,0.271916790490342,-3,0.0146036722604189,-0.0269846484633249,0.00631909107561026,-1,-0.00733757900265744
663372,"Feltner, Ryan",R,SL,155,0.230312035661218,-3,0.0146036722604189,-0.148764359674733,0,0,-0.0342622225105253
666661,"Morillo, Juan",R,FF,166,0.525316455696203,1,0.0134990383338598,0.0122629100273442,0.0199260417110528,3,0.00644190843208588
666661,"Morillo, Juan",R,CH,69,0.218354430379747,1,0.0134990383338598,0.0239425142670362,0.051654372186346,-3,0.00522795406463766
666661,"Morillo, Juan",R,SI,51,0.161392405063291,1,0.0134990383338598,0.00339310616704436,0.0313756607283598,4,0.000547621564934375
683004,"Leiter, Jack",R,CH,122,0.185410334346505,1,0.0134727993970207,0.0345236804381713,0.306579371977752,9,0.00640104713291321
683004,"Leiter, Jack",R,FF,259,0.393617021276596,1,0.0134727993970207,0.0127077718975233,0.0303669574527813,9,0.00500199532136557
683004,"Leiter, Jack",R,SL,117,0.177811550151976,1,0.0134727993970207,0.0230917274909319,0.319890214328189,-8,0.00410597586084959
683004,"Leiter, Jack",R,SI,51,0.0775075987841945,1,0.0134727993970207,0.0346270173430779,0.0620019086742138,5,0.00268385696732063
683004,"Leiter, Jack",R,FC,70,0.106382978723404,1,0.0134727993970207,-0.0518749872727944,0.130034294477792,-5,-0.00551861566731856
669713,"Wesneski, Hayden",R,FF,40,0.25974025974026,-5,0.0132610867481742,0.0132610867481742,0.0132610867481742,-5,0.00344443811640889
676428,"Hurter, Brant",L,SI,80,0.575539568345324,-2,0.0124482342372088,0.0124482342372088,0.0124482342372088,-2,0.0071644513595446
681402,"Varland, Gus",R,FF,151,0.637130801687764,3,0.0118307076758838,0.0582036792537284,0.0699597300064539,4,0.0370833568241055
681402,"Varland, Gus",R,SL,82,0.345991561181435,3,0.0118307076758838,-0.0735634229125861,0,0,-0.0254523235393758
660853,"De Los Santos, Enyel",R,CH,91,0.244623655913979,1,0.0118047334966322,0.0997567345574661,0.117129831159967,2,0.0244028571094877
660853,"De Los Santos, Enyel",R,FF,198,0.532258064516129,1,0.0118047334966322,-0.00209200990321452,0.00625126999468031,-2,-0.00111348914203353
660853,"De Los Santos, Enyel",R,SL,83,0.223118279569892,1,0.0118047334966322,-0.0514733014836837,0.1320125703182,-1,-0.0114846344708219
696519,"Natera Jr., Samy",L,FF,169,0.820388349514563,2,0.0115814122517059,0.0115814122517059,0.0115814122517059,2,0.00950125568222474
621097,"Waguespack, Jacob",R,FF,82,0.518987341772152,-1,0.0115218349943152,0.0115218349943152,0.0115218349943152,-1,0.00597968651603702
694477,"Patrick, Chad",R,ST,56,0.0877742946708464,-1,0.0104471152232595,0.162478506531557,0.297834450513909,-2,0.01426143630998
694477,"Patrick, Chad",R,FC,277,0.434169278996865,-1,0.0104471152232595,0.00586298184505744,0.011404727010234,1,0.0025455266004403
694477,"Patrick, Chad",R,FF,171,0.268025078369906,-1,0.0104471152232595,-0.000269200039323743,0.0059021946333777,2,-7.21523616369279e-05
694477,"Patrick, Chad",R,SI,131,0.205329153605016,-1,0.0104471152232595,-0.0308617630790382,0.0332771170016732,2,-0.00633681969177744
547179,"Lorenzen, Michael",R,CU,101,0.105648535564854,-1,0.0101256022474366,0.153254625242886,1.69181223341506,-10,0.0161911267254513
547179,"Lorenzen, Michael",R,SL,83,0.0868200836820084,-1,0.0101256022474366,0.111607320790354,0.306558551707955,-10,0.00968975693054329
547179,"Lorenzen, Michael",R,FC,129,0.134937238493724,-1,0.0101256022474366,-0.00248311191240981,0.222648333358121,-10,-0.000335064264331449
547179,"Lorenzen, Michael",R,FF,188,0.196652719665272,-1,0.0101256022474366,-0.0118156910483943,0.0183586854774239,-8,-0.00232358777939134
547179,"Lorenzen, Michael",R,SI,194,0.202928870292887,-1,0.0101256022474366,-0.0139005941823748,0.0579814308980813,3,-0.00282083187382919
547179,"Lorenzen, Michael",R,ST,60,0.0627615062761506,-1,0.0101256022474366,-0.0529238696126595,0,0,-0.0033215817748531
547179,"Lorenzen, Michael",R,CH,201,0.210251046025105,-1,0.0101256022474366,-0.0330757722619012,0.0317727308977582,4,-0.00695421571615286
676755,"Mattson, Isaac",R,FF,221,0.751700680272109,2,0.00886650190059986,0.00886650190059986,0.00886650190059986,2,0.00666495551031486
623211,"Brazobán, Huascar",R,SI,203,0.519181585677749,3,0.00802335141797829,0.0633312541334605,0.0633312541334605,3,0.0328804209439705
623211,"Brazobán, Huascar",R,CH,144,0.368286445012788,3,0.00802335141797829,-0.0699454281045417,0,0,-0.0257599530615192
676534,"Faucher, Calvin",R,FC,52,0.342105263157895,-2,0.00792964057198116,0.00792964057198116,0.00792964057198116,-2,0.00271277177462513
596133,"Weaver, Luke",R,CH,110,0.39426523297491,1,0.00714058194267097,0.0133753520820625,0.0133753520820625,1,0.00527343630475582
596133,"Weaver, Luke",R,FF,141,0.505376344086022,1,0.00714058194267097,0.0022765768693868,0.0022765768693868,1,0.0011505280952815
693645,"Schlittler, Cam",R,CU,83,0.0695725062866723,2,0.00664360695328408,0.22830146695428,0.22830146695428,2,0.0158835052449331
693645,"Schlittler, Cam",R,SI,222,0.186085498742666,2,0.00664360695328408,-0.0106215615005726,0.00317554088213166,1,-0.00197651856925995
693645,"Schlittler, Cam",R,FC,329,0.275775356244761,2,0.00664360695328408,-0.00790810258910741,0,0,-0.00218085980873121
693645,"Schlittler, Cam",R,FF,551,0.461860854987427,2,0.00664360695328408,-0.0111008985709984,0.00140670783676419,1,-0.00512707050513004
650644,"Civale, Aaron",R,FC,240,0.368663594470046,-1,0.00601402737145422,0.0771534237220075,0.204538802058215,-4,0.0284436585150258
650644,"Civale, Aaron",R,FF,92,0.141321044546851,-1,0.00601402737145422,-0.0151592848286454,0.126607046267628,7,-0.0021423259665674
650644,"Civale, Aaron",R,SI,108,0.165898617511521,-1,0.00601402737145422,-0.0233902177902226,0.376587925898863,7,-0.00388040479469131
650644,"Civale, Aaron",R,CU,147,0.225806451612903,-1,0.00601402737145422,-0.0752774823174065,0,0,-0.0169981411684466
701656,"Henderson, Logan",R,CH,162,0.335403726708075,-1,0.00597750303443503,0.0325356594463236,0.0325356594463236,-1,0.0109125814292017
701656,"Henderson, Logan",R,FC,89,0.184265010351967,-1,0.00597750303443503,-0.00508219878225809,0,0,-0.00093647141122354
701656,"Henderson, Logan",R,FF,217,0.449275362318841,-1,0.00597750303443503,-0.00931331667542794,0.0129372488055299,1,-0.00418424372374299
686799,"Kochanowicz, Jack",R,FF,111,0.226530612244898,-2,0.0049013736528542,0.0349818725797616,0.0378186837928318,-3,0.00792446501296639
686799,"Kochanowicz, Jack",R,SL,52,0.106122448979592,-2,0.0049013736528542,0.00154343566595707,0.0283717837240327,-4,0.000163793172713812
686799,"Kochanowicz, Jack",R,CH,135,0.275510204081633,-2,0.0049013736528542,-0.00155031789051513,0.0333070109459243,3,-0.00042712839840723
686799,"Kochanowicz, Jack",R,SI,192,0.391836734693878,-2,0.0049013736528542,-0.00704312763471457,0.016995487072889,1,-0.00275975613441877
645261,"Alcantara, Sandy",R,SL,79,0.0625990491283677,-1,0.00464644391031593,0.58821499029683,0.58821499029683,-1,0.0368216990756336
645261,"Alcantara, Sandy",R,ST,100,0.0792393026941363,-1,0.00464644391031593,0.103481931842903,0.120965988584979,-2,0.0081998361206738
645261,"Alcantara, Sandy",R,FC,176,0.13946117274168,-1,0.00464644391031593,-0.00537194886138239,0,0,-0.00074917828811672
645261,"Alcantara, Sandy",R,FF,245,0.194136291600634,-1,0.00464644391031593,-0.00945853585049694,0,0,-0.00183624507398712
645261,"Alcantara, Sandy",R,SI,339,0.268621236133122,-1,0.00464644391031593,-0.0556226123799277,0.052400349530182,2,-0.0149414148944497
645261,"Alcantara, Sandy",R,CH,287,0.227416798732171,-1,0.00464644391031593,-0.101051454020634,0.036530350976731,1,-0.0229807981806038
700249,"Povich, Cade",L,FF,93,0.462686567164179,2,0.00442625692911491,0.00442625692911491,0.00442625692911491,2,0.00204796962391884
670167,"Schreiber, John",R,FC,40,0.149253731343284,2,0.00333257644158932,0.0696993478991306,0.110311529815202,-2,0.0104028877461389
670167,"Schreiber, John",R,SI,57,0.212686567164179,2,0.00333257644158932,-1.57311221491435e-05,0,0,-3.3457983675417e-06
670167,"Schreiber, John",R,FF,90,0.335820895522388,2,0.00333257644158932,-0.00464642237605166,0,0,-0.00156036572330093
670167,"Schreiber, John",R,ST,65,0.242537313432836,2,0.00333257644158932,-0.0235244609981164,0,0,-0.00570555957043868
615698,"Quantrill, Cal",R,FC,125,0.246062992125984,-3,0.00200737267899063,0.0815793536182521,0.0815793536182521,-3,0.0200736598470109
615698,"Quantrill, Cal",R,FS,122,0.240157480314961,-3,0.00200737267899063,-0.000584523678053431,0,0,-0.000140377733705745
615698,"Quantrill, Cal",R,FF,87,0.171259842519685,-3,0.00200737267899063,-0.0200985915616683,0.0118052479225879,2,-0.00344208162571879
615698,"Quantrill, Cal",R,SI,152,0.299212598425197,-3,0.00200737267899063,-0.0486970179322658,0.0378187729822037,3,-0.0145707612710717
676604,"Zuber, Tyler",R,FF,64,0.477611940298507,-2,0.00115869616364653,0.00115869616364653,0.00115869616364653,-2,0.000553407122935654
594027,"Guerrero, Tyron",R,SI,211,0.837301587301587,-1,0.000356097286741572,0.000356097286741572,0.000356097286741572,-1,0.000298160823422507
661563,"Gil, Luis",R,FF,59,0.487603305785124,1,1.03156497533919e-05,1.03156497533919e-05,1.03156497533919e-05,1,5.02994492107538e-06
592791,"Taillon, Jameson",R,CH,114,0.178683385579937,0,0,0,0.329152620207482,3,0
592791,"Taillon, Jameson",R,CU,49,0.0768025078369906,0,0,0,0,0,0
592791,"Taillon, Jameson",R,FC,110,0.172413793103448,0,0,0,0,0,0
592791,"Taillon, Jameson",R,FF,165,0.258620689655172,0,0,0,0.0169371994233102,3,0
592791,"Taillon, Jameson",R,SI,56,0.0877742946708464,0,0,0,0.0531231555736754,3,0
592791,"Taillon, Jameson",R,ST,135,0.211598746081505,0,0,0,0,0,0
605288,"Houser, Adrian",R,CH,134,0.191428571428571,0,0,0,0,0,0
605288,"Houser, Adrian",R,FF,152,0.217142857142857,0,0,0,0,0,0
605288,"Houser, Adrian",R,SI,304,0.434285714285714,0,0,0,0.017164451140008,-2,0
605288,"Houser, Adrian",R,SL,75,0.107142857142857,0,0,0,0.124441594307855,-1,0
642100,"Speier, Gabe",L,FF,103,0.461883408071749,0,0,0,0.0217817076573766,-2,0
642100,"Speier, Gabe",L,SI,71,0.318385650224215,0,0,0,0.000306968959532596,-1,0
642100,"Speier, Gabe",L,SL,49,0.219730941704036,0,0,0,0,0,0
642207,"Williams, Devin",R,CH,146,0.494915254237288,0,0,0,0,0,0
642207,"Williams, Devin",R,FF,149,0.505084745762712,0,0,0,0.00957502473050661,-2,0
643377,"Jax, Griffin",R,CH,179,0.28594249201278,0,0,0,0.170937271369801,2,0
643377,"Jax, Griffin",R,FF,120,0.191693290734824,0,0,0,0.0303961982836965,2,0
643377,"Jax, Griffin",R,SI,137,0.218849840255591,0,0,0,0.0563645551178517,2,0
643377,"Jax, Griffin",R,ST,130,0.207667731629393,0,0,0,0,0,0
656464,"Ginkel, Kevin",R,FF,155,0.511551155115512,0,0,0,0.0148638163989741,1,0
656464,"Ginkel, Kevin",R,SL,134,0.442244224422442,0,0,0,0,0,0
663767,"Shugart, Chase",R,FC,60,0.262008733624454,0,0,0,0.0117465011544272,-4,0
663767,"Shugart, Chase",R,SI,64,0.279475982532751,0,0,0,0.0581674154075708,3,0
663767,"Shugart, Chase",R,ST,61,0.266375545851528,0,0,0,0.0240635060767212,4,0
663992,"Lovelady, Richard",L,FF,46,0.23469387755102,0,0,0,0,0,0
663992,"Lovelady, Richard",L,SI,55,0.280612244897959,0,0,0,0.0342186772747237,1,0
663992,"Lovelady, Richard",L,ST,85,0.433673469387755,0,0,0,0,0,0
664285,"Valdez, Framber",L,CH,203,0.211458333333333,0,0,0,0,0,0
664285,"Valdez, Framber",L,CU,257,0.267708333333333,0,0,0,0,0,0
664285,"Valdez, Framber",L,SI,422,0.439583333333333,0,0,0,0,0,0
664285,"Valdez, Framber",L,SL,48,0.05,0,0,0,0.380654126367212,2,0
665871,"Assad, Javier",R,FC,62,0.12156862745098,0,0,0,0,0,0
665871,"Assad, Javier",R,FF,109,0.213725490196078,0,0,0,0.0158034862295916,3,0
665871,"Assad, Javier",R,SI,230,0.450980392156863,0,0,0,0.0817262799871904,8,0
669062,"Miller, Erik",L,SI,112,0.466666666666667,0,0,0,0.194696329785906,-6,0
669062,"Miller, Erik",L,SL,114,0.475,0,0,0,0,0,0
673540,"Senga, Kodai",R,FC,59,0.206293706293706,0,0,0,0.0548240179652951,2,0
673540,"Senga, Kodai",R,FF,150,0.524475524475525,0,0,0,0.0260377823901266,2,0
673540,"Senga, Kodai",R,SL,43,0.15034965034965,0,0,0,0,0,0
680604,"Castaño, Blas",R,SI,64,0.41025641025641,0,0,0,0,0,0
682243,"Miller, Bryce",R,FF,277,0.434850863422292,0,0,0,0.00368014204657047,-2,0
682243,"Miller, Bryce",R,FS,169,0.26530612244898,0,0,0,0.0495985162178304,2,0
682243,"Miller, Bryce",R,SL,66,0.103610675039246,0,0,0,0.0403402497409727,-1,0
687473,"Gusto, Ryan",R,CH,59,0.146401985111663,0,0,0,0.0266299037424033,-3,0
687473,"Gusto, Ryan",R,FC,58,0.143920595533499,0,0,0,0,0,0
687473,"Gusto, Ryan",R,FF,108,0.267990074441687,0,0,0,0.00663867119346131,-1,0
687473,"Gusto, Ryan",R,SI,52,0.129032258064516,0,0,0,0.0832440815532194,3,0
687473,"Gusto, Ryan",R,SL,47,0.116625310173697,0,0,0,0.150684511551367,3,0
687473,"Gusto, Ryan",R,ST,53,0.13151364764268,0,0,0,0,0,0
688883,"Pallette, Peyton",R,FF,98,0.586826347305389,0,0,0,0,0,0
693686,"Miles, Spencer",R,CU,138,0.246428571428571,0,0,0,0.0712263533972103,1,0
693686,"Miles, Spencer",R,FF,93,0.166071428571429,0,0,0,0.0069290897572759,1,0
693686,"Miles, Spencer",R,SI,234,0.417857142857143,0,0,0,0.0501185085557043,1,0
693686,"Miles, Spencer",R,SL,94,0.167857142857143,0,0,0,0.213588283481366,-1,0
