pitcher,player_name,p_throws,w_lhh,n_lhh,n_rhh,best_delta_in,gain_stuff,gain_stuff_vs_lhh,gain_stuff_vs_rhh,room_fb,room_tb,rel_own_p95,best_delta_in_in_support,gain_stuff_in_support,room_source,validation
623474,"Herget, Jimmy",R,0.458770614692654,85,113,-27,8.21608610870433,4.03830009964604,11.7573673241388,8.56848421328444,27.4315157867156,4.176,-4,0.448915491649089,phase 5 measured,"CONSISTENT BUT UNDERPOWERED: measured slope matches the model in sign and size, but neither is separable from zero"
669062,"Miller, Erik",L,0.404600811907984,90,150,28,7.8196228985954,6.30754257691007,8.8471502081043,28.1578610720225,7.84213892797748,6.312,0,0,phase 5 measured,"CONSISTENT BUT UNDERPOWERED: measured slope matches the model in sign and size, but neither is separable from zero"
677958,"Rocker, Kumar",R,0.564790913784202,496,407,-28,7.52307166569821,3.8625392699182,12.2735134699489,7.50749359052618,28.4925064094738,2.41200000000001,-1,0.0533377068214714,phase 5 measured,"CONSISTENT BUT UNDERPOWERED: measured slope matches the model in sign and size, but neither is separable from zero"
667755,"Soriano, José",R,0.546827794561934,539,451,-32,7.15638869868619,3.69731487205095,11.3303377828261,3.64208351158024,32.3579164884198,4.158,-4,0.175346522940548,phase 5 measured,"CONSISTENT BUT UNDERPOWERED: measured slope matches the model in sign and size, but neither is separable from zero"
682120,"Herrin, Tim",L,0.456164383561644,95,129,24,6.95756683735045,5.85009060857615,7.88650785544074,24.91372106915,11.08627893085,3.87149999999999,-3,0.200698807587196,phase 5 measured,"CONSISTENT BUT UNDERPOWERED: measured slope matches the model in sign and size, but neither is separable from zero"
667297,"Nance, Tommy",R,0.504881450488145,78,79,-27,6.88872955046947,4.35318246285205,9.474273341223,8.64589482795931,27.3541051720407,3.81,-3,0.743088331268455,phase 5 measured,"CONSISTENT BUT UNDERPOWERED: measured slope matches the model in sign and size, but neither is separable from zero"
694297,"Pfaadt, Brandon",R,0.563806777217015,360,264,-30,6.6338247360782,5.13475974411184,8.57145915544629,5.60903251332577,30.3909674866742,10.38,-10,0.538417167607081,phase 5 measured,"CONSISTENT BUT UNDERPOWERED: measured slope matches the model in sign and size, but neither is separable from zero"
662253,"Muñoz, Andrés",R,0.58148631029987,151,123,-25,6.39075002442547,3.40180771688641,10.5436106760218,10.2258713176022,25.7741286823978,8.529,-8,1.04167989619285,phase 5 measured,"CONSISTENT BUT UNDERPOWERED: measured slope matches the model in sign and size, but neither is separable from zero"
642397,"Soto, Gregory",L,0.323788546255507,85,235,26,6.25886777838208,6.73607741291582,6.0303667481656,26.5154748451098,9.48452515489016,5.04,-4,0.355539817420585,phase 5 measured,"CONSISTENT BUT UNDERPOWERED: measured slope matches the model in sign and size, but neither is separable from zero"
681895,"Sisk, Evan",L,0.472409152086137,108,146,23,6.10822902086272,7.48179484993411,4.87832696472992,23.1685097636177,12.8314902363823,2.625,2,0.446983636769768,phase 5 measured,"CONSISTENT BUT UNDERPOWERED: measured slope matches the model in sign and size, but neither is separable from zero"
656529,"Hentges, Sam",L,0.528028933092224,103,98,25,5.8747362519663,5.0641119548992,6.78164159581149,25.5638923630789,10.4361076369211,2.682,2,0.0135119970989772,phase 5 measured,"CONSISTENT BUT UNDERPOWERED: measured slope matches the model in sign and size, but neither is separable from zero"
686560,"Collyer, Gavin",R,0.508968609865471,66,66,-15,5.84718985459908,3.82369615108083,7.94460113632804,20.3583990870955,15.6416009129045,4.512,-4,0.799944683460482,phase 5 measured,"CONSISTENT BUT UNDERPOWERED: measured slope matches the model in sign and size, but neither is separable from zero"
676282,"Cantillo, Joey",L,0.233915441176471,239,704,31,5.75944496199917,4.85879602534408,6.03444814661671,31.0792825895464,4.92071741045358,4.776,-4,0.437942280240768,phase 5 measured,"CONSISTENT BUT UNDERPOWERED: measured slope matches the model in sign and size, but neither is separable from zero"
642546,"Hernández, Jonathan",R,0.462469733656174,74,87,-28,5.62649262638984,3.29764675226112,7.63013930187896,7.60080963737905,28.399190362621,4.29,-4,0.299227695378899,phase 5 measured,"CONSISTENT BUT UNDERPOWERED: measured slope matches the model in sign and size, but neither is separable from zero"
660271,"Ohtani, Shohei",R,0.555056179775281,340,279,-32,5.59726627413669,3.51370033905974,8.1964621628438,3.74336032186185,32.2566396781382,3.6045,2,0.065381649414955,phase 5 measured,"CONSISTENT BUT UNDERPOWERED: measured slope matches the model in sign and size, but neither is separable from zero"
519242,"Sale, Chris",L,0.238805970149254,227,772,29,5.51522271679975,7.64082466661195,4.84836720313318,29.4467633281285,6.55323667187152,2.88,-2,0.170418035007902,phase 5 measured,"CONSISTENT BUT UNDERPOWERED: measured slope matches the model in sign and size, but neither is separable from zero"
664991,"Wolfram, Grant",L,0.481481481481482,116,137,26,5.10397167866006,3.72352873461543,6.38581155527293,26.2261808973722,9.7738191026278,2.736,2,0.0569528495418659,phase 5 measured,"CONSISTENT BUT UNDERPOWERED: measured slope matches the model in sign and size, but neither is separable from zero"
595345,"Okert, Steven",L,0.461945031712474,122,195,11,5.08344187614674,7.61410416010395,2.91075146732689,11.2114318516817,24.7885681483183,2.3565,2,0.596330111350425,phase 5 measured,"CONSISTENT BUT UNDERPOWERED: measured slope matches the model in sign and size, but neither is separable from zero"
607536,"Freeland, Kyle",L,0.255154639175258,243,704,19,5.07599614442678,3.66278509710287,5.56010650319863,19.6789199118295,16.3210800881705,3.819,3,0.129596592312116,phase 5 measured,"CONSISTENT BUT UNDERPOWERED: measured slope matches the model in sign and size, but neither is separable from zero"
668909,"Williams, Gavin",R,0.601440067767895,690,423,-17,5.01163074059506,4.65598885053093,5.54830606885336,18.8568653922211,17.1431346077789,2.13,-2,0.194299382082333,phase 5 measured,"CONSISTENT BUT UNDERPOWERED: measured slope matches the model in sign and size, but neither is separable from zero"
669456,"Bieber, Shane",R,0.592279855247286,186,157,-29,4.96639218879917,3.57330784639452,6.99007388146393,6.89217565419324,29.1078243458068,2.8305,-1,0.179216088059438,phase 5 measured,"CONSISTENT BUT UNDERPOWERED: measured slope matches the model in sign and size, but neither is separable from zero"
677944,"Cecconi, Slade",R,0.571197411003236,478,364,-26,4.93299226045119,3.62907920897269,6.66990285355274,9.47802197802198,26.521978021978,3.6,-3,0.268776113272154,phase 5 measured,"CONSISTENT BUT UNDERPOWERED: measured slope matches the model in sign and size, but neither is separable from zero"
686613,"Brown, Hunter",R,0.581352833638026,240,183,-25,4.89224174371959,4.75524837466468,5.08247707716702,10.9047411768972,25.0952588231028,6.26999999999999,-6,0.483004605856636,phase 5 measured,"CONSISTENT BUT UNDERPOWERED: measured slope matches the model in sign and size, but neither is separable from zero"
687396,"Headrick, Brent",L,0.372069317023446,129,289,25,4.85726062870271,6.76085496059311,3.72931918204688,25.0729638354242,10.9270361645759,2.802,-2,0.165936734287818,phase 5 measured,"CONSISTENT BUT UNDERPOWERED: measured slope matches the model in sign and size, but neither is separable from zero"
663460,"Bubic, Kris",L,0.235511713933416,78,281,27,4.84727806796918,3.91493649858551,5.13449942240834,27.4779358111375,8.52206418886248,3.324,1,0.0714050292810912,phase 5 measured,"CONSISTENT BUT UNDERPOWERED: measured slope matches the model in sign and size, but neither is separable from zero"
669276,"Lee, Dylan",L,0.368482039397451,72,171,20,4.75409376024198,6.31785953699538,3.8416579492189,20.3935302920648,15.6064697079352,3.2475,-3,0.325932738362812,phase 5 measured,"CONSISTENT BUT UNDERPOWERED: measured slope matches the model in sign and size, but neither is separable from zero"
664285,"Valdez, Framber",L,0.228133453561767,224,736,35,4.74343698072728,5.85540101733307,4.41478405869309,35.1010743375829,0.898925662417057,3.54,0,0,phase 5 measured,"CONSISTENT BUT UNDERPOWERED: measured slope matches the model in sign and size, but neither is separable from zero"
605135,"Bassitt, Chris",R,0.63730084348641,301,167,-31,4.71222001831036,4.27532383309355,5.47989290189545,4.00749538947765,31.9925046105224,13.224,-13,2.133855958564,phase 5 measured,"CONSISTENT BUT UNDERPOWERED: measured slope matches the model in sign and size, but neither is separable from zero"
680916,"Aleman, Franco",R,0.467065868263473,72,64,-27,4.69363679946614,1.64436981439107,7.36602808975665,8.66948667581245,27.3305133241876,4.509,-4,0.594445527152834,phase 5 measured,"CONSISTENT BUT UNDERPOWERED: measured slope matches the model in sign and size, but neither is separable from zero"
640455,"Manaea, Sean",L,0.322938689217759,281,640,30,4.6806780280631,6.14426129498059,3.98259108342095,30.8989316931046,5.10106830689544,13.86,13,1.79293989597217,phase 5 measured,"CONSISTENT BUT UNDERPOWERED: measured slope matches the model in sign and size, but neither is separable from zero"
594798,"deGrom, Jacob",R,0.586956521739131,578,439,-32,4.60616601609644,1.85755642161545,8.51208491351679,3.99060960011071,32.0093903998893,1.68,-1,0.0493174896229624,phase 5 measured,"CONSISTENT BUT UNDERPOWERED: measured slope matches the model in sign and size, but neither is separable from zero"
650911,"Sánchez, Cristopher",L,0.217426381605486,281,874,33,4.57477360932685,7.13742501923511,3.86277922275956,33.8549120818097,2.14508791819027,2.64,-1,0.121513373413573,phase 5 measured,"CONSISTENT BUT UNDERPOWERED: measured slope matches the model in sign and size, but neither is separable from zero"
605400,"Nola, Aaron",R,0.635922330097087,621,348,-26,4.54814452796465,3.18312285943105,6.93238237566999,9.80988520128763,26.1901147987124,3.093,3,0.192794077021786,phase 5 measured,"CONSISTENT BUT UNDERPOWERED: measured slope matches the model in sign and size, but neither is separable from zero"
605488,"Springs, Jeffrey",L,0.263834544438234,197,601,22,4.54525956021536,8.0720525027961,3.28129124670123,22.4764554113696,13.5235445886304,3.009,-3,0.25961796521327,phase 5 measured,"CONSISTENT BUT UNDERPOWERED: measured slope matches the model in sign and size, but neither is separable from zero"
676254,"Walker, Ryan",R,0.420408163265306,91,98,-32,4.53810271929518,1.96540692084119,6.4042130519766,3.87428571428571,32.1257142857143,4.089,-4,0.669920213131801,phase 5 measured,"CONSISTENT BUT UNDERPOWERED: measured slope matches the model in sign and size, but neither is separable from zero"
663855,"Hicks, Jordan",R,0.39209726443769,112,140,-29,4.36227536584089,1.81395902821603,6.00593940360892,6.44241984778619,29.5575801522138,9.54,-9,0.612590518671983,phase 5 measured,"CONSISTENT BUT UNDERPOWERED: measured slope matches the model in sign and size, but neither is separable from zero"
666808,"Doval, Camilo",R,0.472636815920398,108,117,-29,4.25650461485427,1.49777923598115,6.72894717139151,6.97448354157996,29.02551645842,3.1905,-3,0.17828360828305,phase 5 measured,"CONSISTENT BUT UNDERPOWERED: measured slope matches the model in sign and size, but neither is separable from zero"
676263,"Dreyer, Jack",L,0.444717444717445,129,158,24,4.22471647375632,4.72135490662901,3.82696622442023,24.25588186001,11.74411813999,12.666,12,0.670871839730262,phase 5 measured,"CONSISTENT BUT UNDERPOWERED: measured slope matches the model in sign and size, but neither is separable from zero"
650633,"King, Michael",R,0.612121212121212,602,388,-30,4.21639857567201,1.19145272123204,8.99014125221009,5.848,30.152,2.76,-2,0.0356492889141643,phase 5 measured,"CONSISTENT BUT UNDERPOWERED: measured slope matches the model in sign and size, but neither is separable from zero"
682052,"Lopez, Jacob",L,0.271589486858573,185,520,13,4.14997568821951,6.1769620518444,3.3942092949092,13.1333904910366,22.8666095089634,3.102,3,1.08690131090473,phase 5 measured,"CONSISTENT BUT UNDERPOWERED: measured slope matches the model in sign and size, but neither is separable from zero"
687570,"Prielipp, Connor",L,0.306108897742364,188,486,25,4.12654048798012,4.40562259582172,4.00342388346818,25.8954614026727,10.1045385973273,2.667,-2,0.204111466008809,phase 5 measured,"CONSISTENT BUT UNDERPOWERED: measured slope matches the model in sign and size, but neither is separable from zero"
702275,"Ritchie, JR",R,0.623655913978495,256,148,-22,4.09683744256543,3.77547192527437,4.62938601407633,13.7490027070078,22.2509972929922,5.724,-4,0.322248734446533,phase 5 measured,"CONSISTENT BUT UNDERPOWERED: measured slope matches the model in sign and size, but neither is separable from zero"
547179,"Lorenzen, Michael",R,0.570383912248629,527,429,-31,4.08812584683307,1.40304929666225,7.65299343684708,4.83059380130665,31.1694061986934,10.974,-1,0.010307764843881,phase 5 measured,"CONSISTENT BUT UNDERPOWERED: measured slope matches the model in sign and size, but neither is separable from zero"
685126,"Eisert, Brandon",L,0.4578125,121,114,11,4.05397947330642,6.43465257113069,2.04378576246346,11.1696716282151,24.8303283717849,3.129,3,0.659923699621215,phase 5 measured,"CONSISTENT BUT UNDERPOWERED: measured slope matches the model in sign and size, but neither is separable from zero"
687377,"Ribalta, Orlando",R,0.505494505494506,118,141,-26,3.99777753246946,1.79536729228513,6.24913022243565,9.99835992814119,26.0016400718588,3.681,2,0.112342869243324,phase 5 measured,"CONSISTENT BUT UNDERPOWERED: measured slope matches the model in sign and size, but neither is separable from zero"
571578,"Corbin, Patrick",L,0.286827195467422,177,462,15,3.96018605761642,5.74626022810691,3.24185434058698,15.3268954112367,20.6731045887633,2.04,1,0.0106007923213468,phase 5 measured,"CONSISTENT BUT UNDERPOWERED: measured slope matches the model in sign and size, but neither is separable from zero"
657044,"Thompson, Ryan",R,0.412844036697248,113,148,-15,3.92515231729721,0.396263295060436,6.40640241105744,20.2860013453335,15.7139986546665,3.708,-3,1.65137832700308,phase 5 measured,"CONSISTENT BUT UNDERPOWERED: measured slope matches the model in sign and size, but neither is separable from zero"
669060,"Wilson, Bryse",R,0.490384615384615,104,116,-20,3.87757911735759,1.08785319930743,6.56203235925492,15.6698675094202,20.3301324905798,12.114,-12,1.12170522759987,phase 5 measured,"CONSISTENT BUT UNDERPOWERED: measured slope matches the model in sign and size, but neither is separable from zero"
642232,"Yarbrough, Ryan",L,0.449061662198391,140,102,24,3.77902904141996,4.98094947937282,2.7993615311664,24.3558620689655,11.6441379310345,2.064,2,0.505248909470016,phase 5 measured,"CONSISTENT BUT UNDERPOWERED: measured slope matches the model in sign and size, but neither is separable from zero"
672335,"Pérez, Cionel",L,0.487179487179487,147,126,28,3.74829319733768,2.69016636009027,4.75351369272271,28.2679519106355,7.73204808936452,3.1785,-2,0.0973231470992617,phase 5 measured,"CONSISTENT BUT UNDERPOWERED: measured slope matches the model in sign and size, but neither is separable from zero"
694973,"Skenes, Paul",R,0.610676484123332,659,418,-32,3.74629028085311,0.723894957353705,8.48709240175583,3.19331564129548,32.8066843587045,6.52199999999999,-6,0.229833897376678,phase 5 measured,"CONSISTENT BUT UNDERPOWERED: measured slope matches the model in sign and size, but neither is separable from zero"
607074,"Rodón, Carlos",L,0.274049217002237,108,281,15,3.70426501308657,3.73079446270692,3.69425004366133,15.1891894080174,20.8108105919826,3.72599999999999,3,0.253296685597919,phase 5 measured,"CONSISTENT BUT UNDERPOWERED: measured slope matches the model in sign and size, but neither is separable from zero"
674841,"Alvarez, Andrew",L,0.288025889967638,149,384,24,3.69304169472187,1.5252621128418,4.5700070710279,24.1470596814869,11.8529403185131,4.077,-2,0.212434662265632,phase 5 measured,"CONSISTENT BUT UNDERPOWERED: measured slope matches the model in sign and size, but neither is separable from zero"
663992,"Lovelady, Richard",L,0.432282003710575,86,110,27,3.68051483160246,4.35720920133996,3.16525408601801,27.8815312998551,8.11846870014496,2.16,0,0,phase 5 measured,"CONSISTENT BUT UNDERPOWERED: measured slope matches the model in sign and size, but neither is separable from zero"
820862,"Fermin, José",R,0.41607898448519,88,141,-21,3.67498645572265,0.78173626895154,5.73660192697259,14.6522069885539,21.3477930114461,4.704,-4,0.340273780769542,phase 5 measured,"CONSISTENT BUT UNDERPOWERED: measured slope matches the model in sign and size, but neither is separable from zero"
681293,"Arrighetti, Spencer",R,0.605053191489362,338,276,-20,3.64680431704,1.76556575929271,6.52883645096262,15.4371626361261,20.5628373638739,8.928,-8,0.765448603946689,phase 5 measured,"CONSISTENT BUT UNDERPOWERED: measured slope matches the model in sign and size, but neither is separable from zero"
667463,"King, John",L,0.558106169296987,105,70,27,3.63084156440503,3.64046930683575,3.61868185075064,27.6678616796048,8.33213832039522,2.64,-2,0.311182362218246,phase 5 measured,"CONSISTENT BUT UNDERPOWERED: measured slope matches the model in sign and size, but neither is separable from zero"
669022,"Gore, MacKenzie",L,0.252427184466019,265,875,23,3.62698181879825,3.68540978679054,3.60725289454112,23.7445054945055,12.2554945054945,2.5635,2,0.099467531678625,phase 5 measured,"CONSISTENT BUT UNDERPOWERED: measured slope matches the model in sign and size, but neither is separable from zero"
671096,"Abbott, Andrew",L,0.282932891466446,331,705,24,3.61736913075958,2.78217975495597,3.94690947950243,24.1908649747097,11.8091350252903,3.06,-3,0.359792171701643,phase 5 measured,"CONSISTENT BUT UNDERPOWERED: measured slope matches the model in sign and size, but neither is separable from zero"
663558,"Morán, Jovani",L,0.39496855345912,116,189,28,3.56208692821031,5.58339583399386,2.24256302713748,28.0259025587101,7.97409744128987,2.64,-2,0.279143521743945,phase 5 measured,"CONSISTENT BUT UNDERPOWERED: measured slope matches the model in sign and size, but neither is separable from zero"
694819,"Misiorowski, Jacob",R,0.5741718674988,608,430,-30,3.46599140978517,2.32592234849886,5.00322094450717,5.01882352941177,30.9811764705882,2.31,-2,0.0444039086848567,phase 5 measured,"CONSISTENT BUT UNDERPOWERED: measured slope matches the model in sign and size, but neither is separable from zero"
691587,"Pérez, Eury",R,0.586552935273457,538,406,-28,3.45380809267174,1.81708234141559,5.77581343638345,7.32017724285664,28.6798227571434,3.12,-2,0.130228536308855,phase 5 measured,"CONSISTENT BUT UNDERPOWERED: measured slope matches the model in sign and size, but neither is separable from zero"
696070,"Rojas, Kendry",L,0.429942418426104,86,132,24,3.3830460278087,4.86999520366758,2.26157594231244,24.1370983741855,11.8629016258145,2.388,2,0.0478137751419711,phase 5 measured,"CONSISTENT BUT UNDERPOWERED: measured slope matches the model in sign and size, but neither is separable from zero"
607625,"Lugo, Seth",R,0.65700267618198,640,354,-29,3.38123160065498,2.99126588967043,4.12820103144855,6.31396895787139,29.6860310421286,2.5785,-2,0.133930603046764,phase 5 measured,"CONSISTENT BUT UNDERPOWERED: measured slope matches the model in sign and size, but neither is separable from zero"
801139,"Tolle, Payton",L,0.267950963222417,227,680,19,3.36959049138951,4.35036818002389,3.01059770105205,19.5191234261773,16.4808765738227,1.965,1,0.0686903208392141,phase 5 measured,"CONSISTENT BUT UNDERPOWERED: measured slope matches the model in sign and size, but neither is separable from zero"
676962,"Brown, Ben",R,0.567729083665339,252,203,-25,3.34619312003246,2.16073992909946,4.90312473024402,10.6253038674033,25.3746961325967,2.79,2,0.0412978734208173,phase 5 measured,"CONSISTENT BUT UNDERPOWERED: measured slope matches the model in sign and size, but neither is separable from zero"
625643,"López, Reynaldo",R,0.619086460032627,305,229,-29,3.33785882463559,1.9218742132539,5.63921282900113,6.41616017835453,29.5838398216455,3.36,-3,0.122886131084746,phase 5 measured,"CONSISTENT BUT UNDERPOWERED: measured slope matches the model in sign and size, but neither is separable from zero"
695243,"Miller, Mason",R,0.528235294117647,140,161,-24,3.31574608622636,2.55288395964888,4.16992338007496,11.9853457331466,24.0146542668534,3.345,-3,0.381634620297916,phase 5 measured,"CONSISTENT BUT UNDERPOWERED: measured slope matches the model in sign and size, but neither is separable from zero"
663738,"Lynch IV, Daniel",L,0.40176322418136,124,143,25,3.26005911619358,4.07683793015547,2.71152766008024,25.5218450896271,10.4781549103729,4.059,-4,0.183706319226509,phase 5 measured,"CONSISTENT BUT UNDERPOWERED: measured slope matches the model in sign and size, but neither is separable from zero"
572955,"Johnson, Pierce",R,0.491582491582492,89,90,-25,3.25681001201971,1.37253312686066,5.07869362283575,10.4202345100162,25.5797654899838,5.418,-4,0.0904061981971907,phase 5 measured,"CONSISTENT BUT UNDERPOWERED: measured slope matches the model in sign and size, but neither is separable from zero"
643511,"Rogers, Tyler",R,0.554878048780488,209,163,-10,3.25056029064791,1.45277987478967,5.49162902822461,25.0110214442112,10.9889785557888,2.151,-2,0.873973977331918,phase 5 measured,"CONSISTENT BUT UNDERPOWERED: measured slope matches the model in sign and size, but neither is separable from zero"
666142,"Ragans, Cole",L,0.325508607198748,80,200,29,3.22964611628972,3.19043566498358,3.24856902550475,29.1853676027903,6.81463239720966,10.422,-6,0.574198041542478,phase 5 measured,"CONSISTENT BUT UNDERPOWERED: measured slope matches the model in sign and size, but neither is separable from zero"
687075,"Sproat, Brandon",R,0.550640279394645,408,317,-23,3.19452561733167,2.95544070747587,3.48749754054875,12.2482225944986,23.7517774055014,2.286,-2,0.0742878875790314,phase 5 measured,"CONSISTENT BUT UNDERPOWERED: measured slope matches the model in sign and size, but neither is separable from zero"
695239,"Ahlstrom, Robby",L,0.441860465116279,77,104,16,3.18261174037301,4.19645025170429,2.37998958556908,16.5640003500223,19.4359996499777,4.62,4,0.404700980528514,phase 5 measured,"CONSISTENT BUT UNDERPOWERED: measured slope matches the model in sign and size, but neither is separable from zero"
543037,"Cole, Gerrit",R,0.660915228807202,413,197,-25,3.15174358935047,2.39823217704646,4.62042401908463,10.2893887767273,25.7106112232727,4.722,-4,0.0441604813867303,phase 5 measured,"CONSISTENT BUT UNDERPOWERED: measured slope matches the model in sign and size, but neither is separable from zero"
681982,"Anderson, Grant",R,0.409028727770178,123,180,-25,3.14097823512575,1.1715833781785,4.50405476805914,10.8432348137524,25.1567651862476,5.409,-5,0.561323680237005,phase 5 measured,"CONSISTENT BUT UNDERPOWERED: measured slope matches the model in sign and size, but neither is separable from zero"
571510,"Boyd, Matthew",L,0.244928625093914,152,485,23,3.12919286949423,5.62210854038731,2.32054559714483,23.8210172236339,12.1789827763661,3.864,-3,0.309714215814017,phase 5 measured,"CONSISTENT BUT UNDERPOWERED: measured slope matches the model in sign and size, but neither is separable from zero"
656271,"Burke, Brock",L,0.431632653061225,143,174,25,3.12764912406688,4.01253854054033,2.45564154207716,25.7210425400355,10.2789574599645,2.67,-1,0.105034779908553,phase 5 measured,"CONSISTENT BUT UNDERPOWERED: measured slope matches the model in sign and size, but neither is separable from zero"
543135,"Eovaldi, Nathan",R,0.58128593831678,525,403,-21,3.12648740167941,1.75962646834461,5.02405214308802,14.8154949764238,21.1845050235762,2.64,-2,0.297491555845419,phase 5 measured,"CONSISTENT BUT UNDERPOWERED: measured slope matches the model in sign and size, but neither is separable from zero"
518585,"Cruz, Fernando",R,0.538461538461538,119,81,-21,3.1063078164044,-0.0231469606104088,6.75733838958835,14.4859307309163,21.5140692690837,4.626,-4,0.816533352020494,phase 5 measured,"CONSISTENT BUT UNDERPOWERED: measured slope matches the model in sign and size, but neither is separable from zero"
663903,"Singer, Brady",R,0.662056247118488,640,300,-32,3.10352729190714,2.4356599935219,4.41192761998518,3.7724940563795,32.2275059436205,2.04,-2,0.0460468737846239,phase 5 measured,"CONSISTENT BUT UNDERPOWERED: measured slope matches the model in sign and size, but neither is separable from zero"
702273,"Schultz, Noah",L,0.216216216216216,97,399,31,3.07823901464544,6.41354653351866,2.15815418185282,31.1040121659258,4.89598783407423,4.698,-4,0.246041651666467,phase 5 measured,"CONSISTENT BUT UNDERPOWERED: measured slope matches the model in sign and size, but neither is separable from zero"
837227,"Imai, Tatsuya",R,0.626612903225806,343,183,-29,3.0683930122048,0.719311681293648,7.01058781591531,6.50295610147068,29.4970438985293,5.202,-5,0.166292520824428,phase 5 measured,"CONSISTENT BUT UNDERPOWERED: measured slope matches the model in sign and size, but neither is separable from zero"
676106,"Hancock, Emerson",R,0.59222333000997,563,433,-27,3.05833557014381,1.71350137053577,5.01146885759412,8.3025,27.6975,2.9475,-1,0.0345070739591723,phase 5 measured,"CONSISTENT BUT UNDERPOWERED: measured slope matches the model in sign and size, but neither is separable from zero"
650556,"Abreu, Bryan",R,0.524154589371981,135,123,-13,2.98206306182013,1.76713525751751,4.32033379041742,22.8553241429284,13.1446758570716,6,-6,0.722471986571129,phase 5 measured,"CONSISTENT BUT UNDERPOWERED: measured slope matches the model in sign and size, but neither is separable from zero"
681347,"Burrows, Mike",R,0.597957881301851,421,327,-23,2.9730634699152,1.9349091016589,4.51711210968688,12.4854330160204,23.5145669839796,13.5255,-13,0.520773527429701,phase 5 measured,"CONSISTENT BUT UNDERPOWERED: measured slope matches the model in sign and size, but neither is separable from zero"
689818,"Sandlin, David",R,0.611246943765281,116,64,-17,2.97248765019817,2.07377630138576,4.38555580870824,18.2569596998458,17.7430403001543,2.193,-1,0.0639232519217821,phase 5 measured,"CONSISTENT BUT UNDERPOWERED: measured slope matches the model in sign and size, but neither is separable from zero"
669461,"Liberatore, Matthew",L,0.241413638626182,219,705,27,2.96799767489071,3.74549410322529,2.72056606876061,27.3516279069768,8.64837209302325,3.3465,3,0.281675694938599,phase 5 measured,"CONSISTENT BUT UNDERPOWERED: measured slope matches the model in sign and size, but neither is separable from zero"
573124,"Rogers, Taylor",L,0.529197080291971,93,116,16,2.94148763554688,4.31589982334886,1.39660571902528,16.9358839671904,19.0641160328096,2.403,1,0.399674042076083,phase 5 measured,"CONSISTENT BUT UNDERPOWERED: measured slope matches the model in sign and size, but neither is separable from zero"
605280,"Holmes, Clay",R,0.605316973415133,256,187,-31,2.93331334084541,0.882757569461506,6.07820716638757,4.15816297589177,31.8418370241082,3.12,-1,0.0999285940665333,phase 5 measured,"CONSISTENT BUT UNDERPOWERED: measured slope matches the model in sign and size, but neither is separable from zero"
695418,"Lord, Brad",R,0.515418502202643,276,267,-23,2.9213025097214,1.82371119679098,4.08874054256557,12.6205140090966,23.3794859909034,4.44,-4,0.303906050832364,phase 5 measured,"CONSISTENT BUT UNDERPOWERED: measured slope matches the model in sign and size, but neither is separable from zero"
624133,"Suarez, Ranger",L,0.259977194982896,208,536,17,2.87678399369079,1.62398374327956,3.31690488289536,17.2089090550404,18.7910909449596,3.603,-3,0.225738032996839,phase 5 measured,"CONSISTENT BUT UNDERPOWERED: measured slope matches the model in sign and size, but neither is separable from zero"
676917,"Cavalli, Cade",R,0.575730735163862,585,449,-21,2.86388241807305,2.12779217221017,3.86275227154042,14.1613894861597,21.8386105138403,6.91199999999999,-1,0.0229719932002486,phase 5 measured,"CONSISTENT BUT UNDERPOWERED: measured slope matches the model in sign and size, but neither is separable from zero"
641302,"Alexander, Tyler",L,0.379349046015713,112,160,26,2.84103802956359,1.90292744608853,3.41442207515956,26.1529670810508,9.84703291894918,3.42,-3,0.379290258629319,phase 5 measured,"CONSISTENT BUT UNDERPOWERED: measured slope matches the model in sign and size, but neither is separable from zero"
690925,"Beeter, Clayton",R,0.53257328990228,92,100,-26,2.83953409078202,2.11985288650847,3.65951929565119,9.10456504826318,26.8954349517368,2.52,-2,0.16992138195781,phase 5 measured,"CONSISTENT BUT UNDERPOWERED: measured slope matches the model in sign and size, but neither is separable from zero"
701542,"Warren, Will",R,0.552425665101722,424,377,-20,2.8297759142279,1.51460943512035,4.45304083424527,15.90457241975,20.0954275802501,2.154,-2,0.195796026414708,phase 5 measured,"CONSISTENT BUT UNDERPOWERED: measured slope matches the model in sign and size, but neither is separable from zero"
805427,"Sommers, Drew",L,0.549618320610687,95,65,23,2.82612318084981,3.12292208367801,2.46392790960183,23.9625397109976,12.0374602890024,2.22,1,0.0832508940143724,phase 5 measured,"CONSISTENT BUT UNDERPOWERED: measured slope matches the model in sign and size, but neither is separable from zero"
669358,"Baz, Shane",R,0.598063973063973,640,442,-26,2.82367469894745,2.53240866256774,3.2570663614559,9.16693955536554,26.8330604446345,4.41,-1,0.0903955181349709,phase 5 measured,"CONSISTENT BUT UNDERPOWERED: measured slope matches the model in sign and size, but neither is separable from zero"
677976,"Dobnak, Randy",R,0.605077574047955,202,121,-24,2.81690647041239,0.747863958505275,5.98697517615578,11.7597556539686,24.2402443460314,3.57,-1,0.153448752728494,phase 5 measured,"CONSISTENT BUT UNDERPOWERED: measured slope matches the model in sign and size, but neither is separable from zero"
678906,"Teng, Kai-Wei",R,0.567986230636833,287,218,-24,2.8151161021598,1.3713527612536,4.71329101251456,11.7813773519229,24.2186226480771,4.09199999999999,-2,0.259101450332362,phase 5 measured,"CONSISTENT BUT UNDERPOWERED: measured slope matches the model in sign and size, but neither is separable from zero"
677961,"Wilcox, Cole",R,0.510245901639344,83,87,-21,2.81172582415689,1.10237246906504,4.59260024013125,14.129842079515,21.870157920485,2.80800000000001,-1,0.264367294443054,phase 5 measured,"CONSISTENT BUT UNDERPOWERED: measured slope matches the model in sign and size, but neither is separable from zero"
642701,"Santana, Dennis",R,0.578279266572638,161,85,-27,2.79616088591141,0.965313668103559,5.30668717119976,8.98079600714739,27.0192039928526,5.58,-1,0.0499593603215329,phase 5 measured,"CONSISTENT BUT UNDERPOWERED: measured slope matches the model in sign and size, but neither is separable from zero"
623149,"Sewald, Paul",R,0.594470046082949,174,92,-15,2.79598231179469,2.07346162946181,3.85513194839631,20.0215553976548,15.9784446023452,1.68,-1,0.191578990796326,phase 5 measured,"CONSISTENT BUT UNDERPOWERED: measured slope matches the model in sign and size, but neither is separable from zero"
647336,"Soroka, Michael",R,0.619212163096061,423,271,-16,2.74333268453804,2.0659601461482,3.84483140395237,19.5781587682972,16.4218412317028,2.748,-1,0.260812619573076,phase 5 measured,"CONSISTENT BUT UNDERPOWERED: measured slope matches the model in sign and size, but neither is separable from zero"
686973,"Varland, Louis",R,0.544813695871098,229,167,-12,2.72012425811084,1.45448210333321,4.23497471327609,23.1568560625387,12.8431439374613,6.21,-6,0.987387785680297,phase 5 measured,"CONSISTENT BUT UNDERPOWERED: measured slope matches the model in sign and size, but neither is separable from zero"
689441,"Crow, Coleman",R,0.525423728813559,74,75,-28,2.71975249514014,4.27457293192838,0.998344154410306,7.26018727488046,28.7398127251196,1.986,-1,0.107146764214835,phase 5 measured,"CONSISTENT BUT UNDERPOWERED: measured slope matches the model in sign and size, but neither is separable from zero"
675660,"Drohan, Shane",L,0.301406563965171,194,447,23,2.68959277181842,3.37829645922729,2.39245311761517,23.6728035660333,12.3271964339667,2.04,-2,0.109525607158281,phase 5 measured,"CONSISTENT BUT UNDERPOWERED: measured slope matches the model in sign and size, but neither is separable from zero"
500779,"Quintana, Jose",L,0.245997088791849,67,250,16,2.68852055648073,2.02835188339406,2.9039037722175,16.4960756433954,19.5039243566046,2.47499999999999,1,0.0618513554111624,phase 5 measured,"CONSISTENT BUT UNDERPOWERED: measured slope matches the model in sign and size, but neither is separable from zero"
683618,"Henriquez, Edgardo",R,0.465982028241335,114,191,-24,2.67985246327256,2.29217858778579,3.01813519596895,11.3291579796381,24.6708420203619,2.88000000000001,-2,0.178503864770804,phase 5 measured,"CONSISTENT BUT UNDERPOWERED: measured slope matches the model in sign and size, but neither is separable from zero"
641835,"Mayza, Tim",L,0.43552036199095,129,221,23,2.6597835504469,1.78316395341479,3.33613333974022,23.7936965913731,12.2063034086269,2.64,-2,0.0639007122335134,phase 5 measured,"CONSISTENT BUT UNDERPOWERED: measured slope matches the model in sign and size, but neither is separable from zero"
656302,"Cease, Dylan",R,0.589071523767215,577,418,-20,2.63419617262518,1.39469700687525,4.41103497671643,15.0402989542127,20.9597010457873,4.275,-4,0.174359714982269,phase 5 measured,"CONSISTENT BUT UNDERPOWERED: measured slope matches the model in sign and size, but neither is separable from zero"
641312,"Anderson, Shaun",R,0.518518518518519,74,70,-18,2.62202380857499,0.82152828156331,4.56101899151064,17.2419546495765,18.7580453504235,5.886,-4,0.617245348613708,phase 5 measured,"CONSISTENT BUT UNDERPOWERED: measured slope matches the model in sign and size, but neither is separable from zero"
676742,"Sanders, Cam",R,0.543026706231454,66,69,-13,2.62087486487225,1.28226962617378,4.21155511605291,22.7838825414594,13.2161174585407,2.442,-1,0.250018172985259,phase 5 measured,"CONSISTENT BUT UNDERPOWERED: measured slope matches the model in sign and size, but neither is separable from zero"
669373,"Skubal, Tarik",L,0.233139534883721,220,674,22,2.61989093427809,2.85276196855281,2.54909390262975,22.4205059596035,13.5794940403965,3.48,-3,0.199618605398676,phase 5 measured,"CONSISTENT BUT UNDERPOWERED: measured slope matches the model in sign and size, but neither is separable from zero"
681217,"Silseth, Chase",R,0.522405660377359,163,172,-24,2.61273152726283,-0.0428104644784613,5.51743548366134,11.1313938963262,24.8686061036738,2.832,2,0.100706389064036,phase 5 measured,"CONSISTENT BUT UNDERPOWERED: measured slope matches the model in sign and size, but neither is separable from zero"
663969,"Phillips, Tyler",R,0.57452071737786,376,302,-31,2.60312278275813,2.08489927229964,3.3028751682464,4.85733348259264,31.1426665174074,3.48,-3,0.12857697657049,phase 5 measured,"CONSISTENT BUT UNDERPOWERED: measured slope matches the model in sign and size, but neither is separable from zero"
669622,"Bender, Anthony",R,0.454545454545455,67,65,-29,2.60282048760001,2.01096707088136,3.09603166819889,6.20900332225914,29.7909966777409,3.2115,-2,0.590625456507508,phase 5 measured,"CONSISTENT BUT UNDERPOWERED: measured slope matches the model in sign and size, but neither is separable from zero"
688107,"Gasser, Robert",L,0.322368421052632,176,405,20,2.60144900583291,3.93636323878869,1.96639272025201,20.2326759227587,15.7673240772413,2.7,-2,0.269616363979019,phase 5 measured,"CONSISTENT BUT UNDERPOWERED: measured slope matches the model in sign and size, but neither is separable from zero"
643410,"Leiter Jr., Mark",R,0.600725952813067,86,68,-29,2.59707672399522,0.486386842305728,5.77270559144622,6.37656319290466,29.6234368070953,3.93,-3,0.184299138313699,phase 5 measured,"CONSISTENT BUT UNDERPOWERED: measured slope matches the model in sign and size, but neither is separable from zero"
672282,"Detmers, Reid",L,0.248051948051948,248,831,17,2.58385410049735,1.77585480344222,2.8503961829456,17.3486729218545,18.6513270781455,3.591,-3,0.148450544205964,phase 5 measured,"CONSISTENT BUT UNDERPOWERED: measured slope matches the model in sign and size, but neither is separable from zero"
676974,"Meyer, Max",R,0.59418669647848,467,347,-26,2.56679102536374,2.60185691228175,2.5154479980995,9.19982151347793,26.8001784865221,1.836,-1,0.22049658351166,phase 5 measured,"CONSISTENT BUT UNDERPOWERED: measured slope matches the model in sign and size, but neither is separable from zero"
621112,"Blackburn, Paul",R,0.554054054054054,108,164,-22,2.55669606985827,2.22911413927509,2.96369180179494,13.9786720259388,22.0213279740612,3.7125,-1,0.14549019930656,phase 5 measured,"CONSISTENT BUT UNDERPOWERED: measured slope matches the model in sign and size, but neither is separable from zero"
666157,"Lodolo, Nick",L,0.248780487804878,126,432,16,2.55091024501162,4.36403461160168,1.95045996776426,16.7017699115044,19.2982300884956,3.096,-3,0.273326353855697,phase 5 measured,"CONSISTENT BUT UNDERPOWERED: measured slope matches the model in sign and size, but neither is separable from zero"
656550,"Holmes, Grant",R,0.591901971230687,486,357,-15,2.54568123540508,2.23279149859164,2.99949389545695,20.4073542194454,15.5926457805546,2.805,-2,0.186999969328872,phase 5 measured,"CONSISTENT BUT UNDERPOWERED: measured slope matches the model in sign and size, but neither is separable from zero"
676571,"Poulin, PJ",L,0.450393700787402,93,119,25,2.52176240474903,3.49866118911788,1.72120924621181,25.1931113456757,10.8068886543243,2.805,2,0.0756610622574495,phase 5 measured,"CONSISTENT BUT UNDERPOWERED: measured slope matches the model in sign and size, but neither is separable from zero"
696147,"Bachman, Sam",R,0.516260162601626,102,90,-24,2.50320667839534,0.377084688708265,4.77226123881769,11.3859982629308,24.6140017370692,3.681,-3,0.21903169965858,phase 5 measured,"CONSISTENT BUT UNDERPOWERED: measured slope matches the model in sign and size, but neither is separable from zero"
663556,"McClanahan, Shane",L,0.218827930174564,127,563,32,2.48079923360468,3.11785809460721,2.30234140422569,32.1224634731308,3.87753652686918,3.99,-3,0.334623627031645,phase 5 measured,"CONSISTENT BUT UNDERPOWERED: measured slope matches the model in sign and size, but neither is separable from zero"
695380,"Hoppe, Alex",R,0.535315985130112,94,102,-29,2.47619223565125,1.70012794071254,3.37021830342065,6.78565696816869,29.2143430318313,3.096,-1,0.102728598940035,phase 5 measured,"CONSISTENT BUT UNDERPOWERED: measured slope matches the model in sign and size, but neither is separable from zero"
554430,"Wheeler, Zack",R,0.62962962962963,572,314,-32,2.47155285950763,2.42271110385469,2.55458384411761,3.47695618075406,32.5230438192459,2.121,-2,0.134479067625916,phase 5 measured,"CONSISTENT BUT UNDERPOWERED: measured slope matches the model in sign and size, but neither is separable from zero"
693645,"Schlittler, Cam",R,0.635373009220453,757,436,-30,2.46924960567601,2.32388476770886,2.72255201298429,5.49670322294675,30.5032967770533,2.52,2,0.00497748803260911,phase 5 measured,"CONSISTENT BUT UNDERPOWERED: measured slope matches the model in sign and size, but neither is separable from zero"
622608,"Senzatela, Antonio",R,0.527809307604994,211,185,-16,2.43070494576981,1.5903524348595,3.37004128609022,19.5753509231868,16.4246490768132,5.868,-5,0.313433799033954,phase 5 measured,"CONSISTENT BUT UNDERPOWERED: measured slope matches the model in sign and size, but neither is separable from zero"
656427,"Flaherty, Jack",R,0.539963392312386,372,340,-14,2.42652840513836,0.741072265760452,4.40481578358591,21.132902196585,14.867097803415,1.98600000000001,-1,0.10279273099894,phase 5 measured,"CONSISTENT BUT UNDERPOWERED: measured slope matches the model in sign and size, but neither is separable from zero"
608379,"Wacha, Michael",R,0.591782045556052,602,410,-23,2.42038202119491,0.783353278731338,4.7935363797991,12.3563205793514,23.6436794206486,2.34,2,0.175964041307355,phase 5 measured,"CONSISTENT BUT UNDERPOWERED: measured slope matches the model in sign and size, but neither is separable from zero"
678394,"Bello, Brayan",R,0.550990462215701,346,278,-28,2.40340493985884,1.0087064467593,4.11487318874407,7.0392519800971,28.9607480199029,4.086,-4,0.0541074833626385,phase 5 measured,"CONSISTENT BUT UNDERPOWERED: measured slope matches the model in sign and size, but neither is separable from zero"
663542,"Hudson, Bryan",L,0.437718277066356,128,223,18,2.38918727078263,2.58757444511288,2.23474922202865,18.0396083860939,17.9603916139061,3.393,-3,0.10592355987102,phase 5 measured,"CONSISTENT BUT UNDERPOWERED: measured slope matches the model in sign and size, but neither is separable from zero"
592155,"Booser, Cam",L,0.406466512702079,69,82,11,2.3021812915832,2.23136512899662,2.35067796323783,11.3551874391289,24.6448125608711,2.91,2,0.104902350506923,phase 5 measured,"CONSISTENT BUT UNDERPOWERED: measured slope matches the model in sign and size, but neither is separable from zero"
681870,"Sabrowski, Erik",L,0.32279534109817,60,167,25,2.30018057862688,0.7383127909387,3.04465809904827,25.590864861703,10.4091351382971,6.291,-6,0.052678989719147,phase 5 measured,"CONSISTENT BUT UNDERPOWERED: measured slope matches the model in sign and size, but neither is separable from zero"
656492,"Griffin, Foster",L,0.258451957295374,250,751,12,2.28753111023073,2.75223720464862,2.125566958547,12.6591288192496,23.3408711807504,1.86,1,0.202652611378298,phase 5 measured,"CONSISTENT BUT UNDERPOWERED: measured slope matches the model in sign and size, but neither is separable from zero"
669160,"May, Dustin",R,0.622475401346453,537,347,-26,2.2839451362285,2.78161195196919,1.46337516020614,9.50520250353638,26.4947974964636,5.337,-3,0.1963630697813,phase 5 measured,"CONSISTENT BUT UNDERPOWERED: measured slope matches the model in sign and size, but neither is separable from zero"
691725,"Painter, Andrew",R,0.612508986340762,411,247,-18,2.28298308746936,0.858607711069736,4.53450038003425,17.8745200023717,18.1254799976284,3.246,-1,0.151184704580453,phase 5 measured,"CONSISTENT BUT UNDERPOWERED: measured slope matches the model in sign and size, but neither is separable from zero"
805673,"Matthews, Zebby",R,0.556841388699796,336,288,-21,2.27908503719602,1.18115264224491,3.65866829229589,14.7307670119313,21.2692329880687,5.34,-4,0.301131658741581,phase 5 measured,"CONSISTENT BUT UNDERPOWERED: measured slope matches the model in sign and size, but neither is separable from zero"
669432,"Rogers, Trevor",L,0.260107160253288,257,774,20,2.27453104550611,3.11015777682727,1.98076891612791,20.5957512379907,15.4042487620093,9.24,-8,0.476712652085802,phase 5 measured,"CONSISTENT BUT UNDERPOWERED: measured slope matches the model in sign and size, but neither is separable from zero"
686790,"McDonald, Trevor",R,0.553210202286719,269,229,-22,2.26789421446291,0.662641468063453,4.25550046935514,13.0558677418073,22.9441322581927,1.416,1,0.0571486231426595,phase 5 measured,"CONSISTENT BUT UNDERPOWERED: measured slope matches the model in sign and size, but neither is separable from zero"
668390,"Winn, Cole",R,0.454676258992806,83,122,-24,2.26424604757368,0.399643152265147,3.81890175975705,11.6679634687258,24.3320365312742,6.28199999999999,-2,0.0491098043303204,phase 5 measured,"CONSISTENT BUT UNDERPOWERED: measured slope matches the model in sign and size, but neither is separable from zero"
669711,"Weissert, Greg",R,0.35546875,108,219,-27,2.26343962576638,0.415769232529507,3.28245784264248,8.99631897352755,27.0036810264725,13.8,-13,0.212331036688298,phase 5 measured,"CONSISTENT BUT UNDERPOWERED: measured slope matches the model in sign and size, but neither is separable from zero"
666974,"Cano, Yennier",R,0.38125,67,152,-24,2.2608105372457,1.57110181979151,2.68578257527303,11.5935587468115,24.4064412531885,3.087,-1,0.0811342034306753,phase 5 measured,"CONSISTENT BUT UNDERPOWERED: measured slope matches the model in sign and size, but neither is separable from zero"
641745,"Keller, Brad",R,0.51219512195122,97,105,-28,2.2512789775557,0.989084178827116,3.57658351622072,7.85904631185606,28.1409536881439,2.823,1,0.000733124870046973,phase 5 measured,"CONSISTENT BUT UNDERPOWERED: measured slope matches the model in sign and size, but neither is separable from zero"
670970,"Morejon, Adrian",L,0.391627906976744,172,294,16,2.24482544239101,2.70181186261387,1.95064916882248,16.4600743494176,19.5399256505824,3,3,0.103076061857376,phase 5 measured,"CONSISTENT BUT UNDERPOWERED: measured slope matches the model in sign and size, but neither is separable from zero"
683769,"Gaddis, Hunter",R,0.497896213183731,92,96,-20,2.24168552548366,0.170741510347933,4.29527526116295,15.8430661633893,20.1569338366107,6.042,-5,0.136000992796051,phase 5 measured,"CONSISTENT BUT UNDERPOWERED: measured slope matches the model in sign and size, but neither is separable from zero"
694361,"Klein, Will",R,0.529737206085754,146,135,-21,2.21353277768772,1.61294817234286,2.89007367135561,14.3920481927711,21.6079518072289,9.627,-9,0.354936838535479,phase 5 measured,"CONSISTENT BUT UNDERPOWERED: measured slope matches the model in sign and size, but neither is separable from zero"
656464,"Ginkel, Kevin",R,0.559756097560976,174,129,-14,2.20528320139583,0.881273433112557,3.88871944417152,21.2186238168219,14.7813761831781,3.048,0,0,phase 5 measured,"CONSISTENT BUT UNDERPOWERED: measured slope matches the model in sign and size, but neither is separable from zero"
623454,"Anderson, Drew",R,0.517702596380803,304,250,-19,2.20307430373198,1.63613998988485,2.81162696035745,16.0792602739726,19.9207397260274,3.12,-3,0.126290801300702,phase 5 measured,"CONSISTENT BUT UNDERPOWERED: measured slope matches the model in sign and size, but neither is separable from zero"
674444,"Cruz, Steven",R,0.593964334705076,214,115,-15,2.18809961710568,1.02577141515806,3.88839729090068,20.880729506258,15.119270493742,5.616,-4,0.171610612412881,phase 5 measured,"CONSISTENT BUT UNDERPOWERED: measured slope matches the model in sign and size, but neither is separable from zero"
700241,"McGreevy, Michael",R,0.645901639344262,585,345,-23,2.15815803513754,1.48884164695822,3.37904070616833,12.3200664136791,23.6799335863209,1.896,-1,0.0383501410915051,phase 5 measured,"CONSISTENT BUT UNDERPOWERED: measured slope matches the model in sign and size, but neither is separable from zero"
702070,"Cameron, Noah",L,0.248452696728559,249,729,21,2.12440426557099,1.15368237380352,2.44531350273177,21.9192467661711,14.0807532338289,3.255,-3,0.44499803509554,phase 5 measured,"CONSISTENT BUT UNDERPOWERED: measured slope matches the model in sign and size, but neither is separable from zero"
677865,"Bruihl, Justin",L,0.526,219,150,-11,2.11732223808255,3.13079726256779,0.992664299518749,13.9426128756443,22.0573871243557,2.262,-2,0.216118374771909,phase 5 measured,"CONSISTENT BUT UNDERPOWERED: measured slope matches the model in sign and size, but neither is separable from zero"
682842,"Uribe, Abner",R,0.488651535380507,150,127,-29,2.10936054865172,0.462736719533474,3.68289663600754,6.94911998378379,29.0508800162162,3.72,-3,0.655703534956433,phase 5 measured,"CONSISTENT BUT UNDERPOWERED: measured slope matches the model in sign and size, but neither is separable from zero"
641816,"Mahle, Tyler",R,0.550299075584557,443,327,-29,2.09279958949926,-0.39442072288141,5.13641138651164,6.4990909090909,29.5009090909091,9.41099999999999,2,0.0195629627673488,phase 5 measured,"CONSISTENT BUT UNDERPOWERED: measured slope matches the model in sign and size, but neither is separable from zero"
689266,"Dodd, Dylan",L,0.439297124600639,102,177,19,2.0920405038278,1.98521458247901,2.17573602625208,19.5217861971598,16.4782138028403,2.55,2,0.0211736994089049,phase 5 measured,"CONSISTENT BUT UNDERPOWERED: measured slope matches the model in sign and size, but neither is separable from zero"
642547,"Peralta, Freddy",R,0.63857998289136,685,384,-13,2.08453075424089,0.936000206693088,4.11382792286677,22.6319958824319,13.3680041175681,5.934,-5,0.441121937432714,phase 5 measured,"CONSISTENT BUT UNDERPOWERED: measured slope matches the model in sign and size, but neither is separable from zero"
664126,"Fairbanks, Pete",R,0.590308370044053,162,105,-30,2.08378904548489,1.06160581213242,3.55661219891747,5.05622664530273,30.9437733546973,4.2,-4,0.239844585231127,phase 5 measured,"CONSISTENT BUT UNDERPOWERED: measured slope matches the model in sign and size, but neither is separable from zero"
663436,"Martin, Davis",R,0.608845208845209,536,393,-20,2.08361425822853,1.57662758703336,2.87275557180996,15.2102244185284,20.7897755814716,3.066,-3,0.130248621842576,phase 5 measured,"CONSISTENT BUT UNDERPOWERED: measured slope matches the model in sign and size, but neither is separable from zero"
608337,"Giolito, Lucas",R,0.519056261343013,116,105,-27,2.06975387739893,-0.176638730696482,4.49416250349435,8.98057455192576,27.0194254480742,3.195,-2,0.147068359853333,phase 5 measured,"CONSISTENT BUT UNDERPOWERED: measured slope matches the model in sign and size, but neither is separable from zero"
806188,"Gibson, Cade",L,0.559375,104,67,24,2.05892728380387,1.26608113609737,3.06544827982845,27.7593146771288,8.24068532287117,2.469,-2,0.283602903649581,phase 5 measured,"CONSISTENT BUT UNDERPOWERED: measured slope matches the model in sign and size, but neither is separable from zero"
670245,"Watson, Ryan",R,0.475789473684211,149,197,-32,2.04885775592722,2.69694242870386,1.4606363260175,3.23117332686665,32.7688266731334,2.454,-2,0.0775750463849484,phase 5 measured,"CONSISTENT BUT UNDERPOWERED: measured slope matches the model in sign and size, but neither is separable from zero"
673513,"Matsui, Yuki",L,0.506072874493927,157,145,14,2.03965437136251,1.91291633027125,2.16950892166094,14.8093246433983,21.1906753566017,3.168,-3,0.300372167891793,phase 5 measured,"CONSISTENT BUT UNDERPOWERED: measured slope matches the model in sign and size, but neither is separable from zero"
682254,"Montgomery, Mason",L,0.366113744075829,132,238,21,2.03361631446238,1.40114359381088,2.39891364283867,21.1582934750517,14.8417065249483,2.88,2,0.115108128642257,phase 5 measured,"CONSISTENT BUT UNDERPOWERED: measured slope matches the model in sign and size, but neither is separable from zero"
663574,"Santillan, Tony",R,0.512048192771084,91,94,-20,2.03003725581042,1.55031098986435,2.53345370772913,15.803416580822,20.196583419178,2.22,-1,0.245739240624579,phase 5 measured,"CONSISTENT BUT UNDERPOWERED: measured slope matches the model in sign and size, but neither is separable from zero"
621111,"Buehler, Walker",R,0.546336729742843,466,383,-32,2.02930882120123,2.39637163294591,1.58726312491832,3.92361993977919,32.0763800602208,4.17,-4,0.177759063345723,phase 5 measured,"CONSISTENT BUT UNDERPOWERED: measured slope matches the model in sign and size, but neither is separable from zero"
677960,"Weathers, Ryan",L,0.226346763241286,214,698,15,2.0212631402781,3.36066089780725,1.62939720770666,15.1775136049391,20.8224863950609,3.624,-3,0.155498850924263,phase 5 measured,"CONSISTENT BUT UNDERPOWERED: measured slope matches the model in sign and size, but neither is separable from zero"
657277,"Webb, Logan",R,0.627084386053562,576,355,-29,2.01998434819837,1.38106050828398,3.09438066978882,6.02477894479999,29.9752210552,5.04299999999999,-5,0.121897356502809,phase 5 measured,"CONSISTENT BUT UNDERPOWERED: measured slope matches the model in sign and size, but neither is separable from zero"
665660,"Alvarado, Elvis",R,0.498525073746313,150,148,-22,2.01031347358361,0.682253775681283,3.33056105561592,13.2770339175718,22.7229660824283,2.61,-2,0.126366002367466,phase 5 measured,"CONSISTENT BUT UNDERPOWERED: measured slope matches the model in sign and size, but neither is separable from zero"
690986,"Harrison, Kyle",L,0.280825958702065,202,555,20,1.98918632709501,0.411491110618589,2.6052510711826,20.7243161532856,15.2756838467144,2.946,-2,0.282064303859399,phase 5 measured,"CONSISTENT BUT UNDERPOWERED: measured slope matches the model in sign and size, but neither is separable from zero"
621381,"Strahm, Matt",L,0.306477093206951,78,180,23,1.9889052726573,3.61528765856243,1.27018503833931,23.9946429151022,12.0053570848978,20.118,20,1.70832824540361,phase 5 measured,"CONSISTENT BUT UNDERPOWERED: measured slope matches the model in sign and size, but neither is separable from zero"
813349,"Early, Connelly",L,0.265706806282723,196,504,13,1.96568331790701,0.99843537573677,2.31568569270301,13.6479386257505,22.3520613742495,2.136,2,0.0386390108801071,phase 5 measured,"CONSISTENT BUT UNDERPOWERED: measured slope matches the model in sign and size, but neither is separable from zero"
695076,"Lowder, Rhett",R,0.649823736780259,413,246,-22,1.95918580800238,1.35497586134053,3.08042104459299,13.3973309829544,22.6026690170456,3.816,-3,0.0549277651313788,phase 5 measured,"CONSISTENT BUT UNDERPOWERED: measured slope matches the model in sign and size, but neither is separable from zero"
552640,"Kittredge, Andrew",R,0.510054844606947,116,97,-23,1.9462960251221,1.15027726523105,2.77498719679972,12.5662203374266,23.4337796625734,4.116,-4,0.0406047633027185,phase 5 measured,"CONSISTENT BUT UNDERPOWERED: measured slope matches the model in sign and size, but neither is separable from zero"
656945,"Scott, Tanner",L,0.313907284768212,79,221,10,1.94314160460168,2.29056474360238,1.78418545799325,10.4208921471373,25.5791078528628,3.72,3,0.417221219556581,phase 5 measured,"CONSISTENT BUT UNDERPOWERED: measured slope matches the model in sign and size, but neither is separable from zero"
677053,"Nardi, Andrew",L,0.468253968253968,64,79,15,1.93306832397301,1.86280212138721,1.99494453222021,15.3727525631516,20.6272474368484,1.92750000000001,1,0.218988359557686,phase 5 measured,"CONSISTENT BUT UNDERPOWERED: measured slope matches the model in sign and size, but neither is separable from zero"
669438,"Englert, Mason",R,0.421140939597315,123,161,-26,1.92831146836842,1.33960776462619,2.35661474268522,9.46408514392852,26.5359148560715,2.52,-2,0.171916729458426,phase 5 measured,"CONSISTENT BUT UNDERPOWERED: measured slope matches the model in sign and size, but neither is separable from zero"
664875,"Lawrence, Justin",R,0.429824561403509,111,137,-21,1.90755765702274,0.578841467406803,2.90920524611784,14.8562637356063,21.1437362643937,8.394,-8,0.501452671753148,phase 5 measured,"CONSISTENT BUT UNDERPOWERED: measured slope matches the model in sign and size, but neither is separable from zero"
571927,"Matz, Steven",L,0.307001795332136,148,327,23,1.90429286378216,1.41122095955136,2.12272627213311,23.9991975443982,12.0008024556018,7.56,-6,0.567846258771488,phase 5 measured,"CONSISTENT BUT UNDERPOWERED: measured slope matches the model in sign and size, but neither is separable from zero"
680730,"Parker, Mitchell",L,0.394578313253012,102,192,16,1.9015589615495,0.784428589162297,2.6296389554934,16.594067297774,19.405932702226,5.964,-5,0.134213856972318,phase 5 measured,"CONSISTENT BUT UNDERPOWERED: measured slope matches the model in sign and size, but neither is separable from zero"
668984,"Legumina, Casey",R,0.482080924855491,192,204,-26,1.89922409302529,0.136628418261061,3.53985444208039,9.9183709237166,26.0816290762834,2.34,-2,0.0188814205041923,phase 5 measured,"CONSISTENT BUT UNDERPOWERED: measured slope matches the model in sign and size, but neither is separable from zero"
663947,"Holton, Tyler",L,0.406494960806271,126,103,22,1.88940270217373,1.54901846892724,2.12253379022745,22.9121193147438,13.0878806852562,3.096,1,0.203336331318569,phase 5 measured,"CONSISTENT BUT UNDERPOWERED: measured slope matches the model in sign and size, but neither is separable from zero"
670990,"Ramírez, Yohan",R,0.513584574934268,218,190,-18,1.85680981618675,0.556326535068372,3.22993270399824,17.3561559116838,18.6438440883163,17.946,-17,1.70859902441804,phase 5 measured,"CONSISTENT BUT UNDERPOWERED: measured slope matches the model in sign and size, but neither is separable from zero"
680694,"Bradish, Kyle",R,0.589009990917348,576,374,-22,1.85054907317765,1.04847510408231,3.00004071728444,13.4939536215506,22.5060463784495,7.56,-5,0.190129866410741,phase 5 measured,"CONSISTENT BUT UNDERPOWERED: measured slope matches the model in sign and size, but neither is separable from zero"
656848,"Petersen, Michael",R,0.633182844243792,244,113,-29,1.85042874316503,1.95025434055844,1.67811440427978,6.52759561380048,29.4724043861995,4.008,4,0.0843544432153292,phase 5 measured,"CONSISTENT BUT UNDERPOWERED: measured slope matches the model in sign and size, but neither is separable from zero"
593958,"Rodriguez, Eduardo",L,0.296077604386335,309,792,30,1.84339269004243,2.23002579781252,1.68077049612116,30.5804847137812,5.41951528621884,2.217,-2,0.063568330124271,phase 5 measured,"CONSISTENT BUT UNDERPOWERED: measured slope matches the model in sign and size, but neither is separable from zero"
686218,"Sheehan, Emmet",R,0.565959952885748,460,373,-25,1.83023836981797,0.160943300342377,4.0068904210609,10.0291719966552,25.9708280033448,4.23,-4,0.33986670697289,phase 5 measured,"CONSISTENT BUT UNDERPOWERED: measured slope matches the model in sign and size, but neither is separable from zero"
670059,"Holderman, Colin",R,0.522135416666667,153,134,-23,1.82733728006402,1.61345323767703,2.06103619286289,12.8793556676948,23.1206443323052,4.287,-2,0.203019376244896,phase 5 measured,"CONSISTENT BUT UNDERPOWERED: measured slope matches the model in sign and size, but neither is separable from zero"
608331,"Fried, Max",L,0.237190082644628,127,407,24,1.81888828524843,0.965793597401804,2.08415174723324,24.2741627877544,11.7258372122456,3.36,-3,0.144025764379784,phase 5 measured,"CONSISTENT BUT UNDERPOWERED: measured slope matches the model in sign and size, but neither is separable from zero"
668941,"Romero, JoJo",L,0.391123439667129,78,142,17,1.8142970465316,1.71504391350934,1.87805418437278,18.4220552606219,17.5779447393781,3.7095,-3,0.342395284604986,phase 5 measured,"CONSISTENT BUT UNDERPOWERED: measured slope matches the model in sign and size, but neither is separable from zero"
621237,"Alvarado, José",L,0.398648648648649,136,221,21,1.81365940288073,1.70301023198395,1.88701110044152,22.4769774980364,13.5230225019636,5.181,3,0.144364611908966,phase 5 measured,"CONSISTENT BUT UNDERPOWERED: measured slope matches the model in sign and size, but neither is separable from zero"
678020,"Halvorsen, Seth",R,0.406735751295337,60,95,-14,1.81244510903514,0.622333480991891,2.62837316843598,21.3945926341362,14.6054073658638,4.179,-4,0.203273106518389,phase 5 measured,"CONSISTENT BUT UNDERPOWERED: measured slope matches the model in sign and size, but neither is separable from zero"
686993,"Sterner, Justin",R,0.484848484848485,121,123,-13,1.81159303653807,1.15588383351526,2.4287311099713,22.752096656804,13.2479033431961,2.19,-2,0.030611995489412,phase 5 measured,"CONSISTENT BUT UNDERPOWERED: measured slope matches the model in sign and size, but neither is separable from zero"
681892,"Funderburk, Kody",L,0.545886075949367,108,61,18,1.78814513216094,1.85929532294189,1.70261615718034,18.6712729086149,17.3287270913851,5.73000000000001,-5,0.86171488191755,phase 5 measured,"CONSISTENT BUT UNDERPOWERED: measured slope matches the model in sign and size, but neither is separable from zero"
657571,"Ferguson, Caleb",L,0.590551181102362,123,74,12,1.77969419352151,0.947241504501086,2.98034711037789,12.6444239738376,23.3555760261624,3.63,3,0.2020149712509,phase 5 measured,"CONSISTENT BUT UNDERPOWERED: measured slope matches the model in sign and size, but neither is separable from zero"
694335,"Svanson, Matt",R,0.519035532994924,184,155,-31,1.77642025703902,2.25140380897164,1.26383906247322,4.6124716097659,31.3875283902341,2.436,-2,0.0861613335323062,phase 5 measured,"CONSISTENT BUT UNDERPOWERED: measured slope matches the model in sign and size, but neither is separable from zero"
677955,"Hill, Jaden",R,0.517671517671518,90,98,-32,1.77198175779089,-0.0115856236721813,3.68624157668876,3.24314722829326,32.7568527717067,2.967,-2,0.134998377883091,phase 5 measured,"CONSISTENT BUT UNDERPOWERED: measured slope matches the model in sign and size, but neither is separable from zero"
691951,"Aldegheri, Sam",L,0.273770491803279,77,194,22,1.76881616174698,1.73429992936005,1.78182792429465,22.1678065028188,13.8321934971812,2.58,-2,0.179196960808562,phase 5 measured,"CONSISTENT BUT UNDERPOWERED: measured slope matches the model in sign and size, but neither is separable from zero"
543243,"Gray, Sonny",R,0.658346333853354,537,296,-26,1.75913736240823,2.11779112176015,1.06803285808627,9.1978798827961,26.8021201172039,4.272,-4,0.298066887967013,phase 5 measured,"CONSISTENT BUT UNDERPOWERED: measured slope matches the model in sign and size, but neither is separable from zero"
668881,"Greene, Hunter",R,0.610958904109589,109,82,-20,1.75373334711665,-0.215342648396326,4.8460146640138,15.2812414873509,20.7187585126491,5.061,-2,0.280240779299418,phase 5 measured,"CONSISTENT BUT UNDERPOWERED: measured slope matches the model in sign and size, but neither is separable from zero"
663687,"Harris, Hogan",L,0.422077922077922,142,252,13,1.74291613271278,0.843917730508881,2.39948799949091,13.6688342097296,22.3311657902705,4.74,-4,0.154057628692803,phase 5 measured,"CONSISTENT BUT UNDERPOWERED: measured slope matches the model in sign and size, but neither is separable from zero"
518886,"Kimbrel, Craig",R,0.51063829787234,143,128,-17,1.73200776403919,1.19970887365074,2.28745008444453,18.5396747211728,17.4603252788272,3.50399999999999,3,0.298761727150723,phase 5 measured,"CONSISTENT BUT UNDERPOWERED: measured slope matches the model in sign and size, but neither is separable from zero"
669713,"Wesneski, Hayden",R,0.479750778816199,79,75,-24,1.72916679898837,-0.169410178250567,3.47995035883746,10.3005221573342,25.6994778426658,9.072,-7,1.11911166516199,phase 5 measured,"CONSISTENT BUT UNDERPOWERED: measured slope matches the model in sign and size, but neither is separable from zero"
663767,"Shugart, Chase",R,0.467153284671533,109,120,-22,1.72577431262841,0.962614627111095,2.39484581773949,13.5090187106411,22.490981289359,4.221,0,0,phase 5 measured,"CONSISTENT BUT UNDERPOWERED: measured slope matches the model in sign and size, but neither is separable from zero"
694738,"Roupp, Landen",R,0.596583442838371,556,392,-20,1.72540033817969,0.559197073494405,3.45001363514098,15.1704319457132,20.8295680542868,3.249,3,0.248415078345017,phase 5 measured,"CONSISTENT BUT UNDERPOWERED: measured slope matches the model in sign and size, but neither is separable from zero"
668678,"Gallen, Zac",R,0.526155717761557,371,350,-11,1.72242365398357,1.05634622856673,2.46203465909983,24.7053188405726,11.2946811594275,3.48,-3,0.245564424479668,phase 5 measured,"CONSISTENT BUT UNDERPOWERED: measured slope matches the model in sign and size, but neither is separable from zero"
696519,"Natera Jr., Samy",L,0.428571428571429,75,131,24,1.7043535931072,2.36976326347445,1.20529634033177,24.5839597072853,11.4160402927147,2.904,1,0.00400518895649801,phase 5 measured,"CONSISTENT BUT UNDERPOWERED: measured slope matches the model in sign and size, but neither is separable from zero"
805299,"Garcia, Brandyn",L,0.491561181434599,65,67,26,1.68461854262259,2.04069516931851,1.34036188693733,26.9609343085184,9.03906569148158,2.889,2,0.254005087333073,phase 5 measured,"CONSISTENT BUT UNDERPOWERED: measured slope matches the model in sign and size, but neither is separable from zero"
694346,"Gibson, Trey",R,0.565428109854604,148,104,-12,1.68428809074541,1.70609590690576,1.6559136087524,23.3550366937041,12.6449633062959,3.12,-3,0.364552445740758,phase 5 measured,"CONSISTENT BUT UNDERPOWERED: measured slope matches the model in sign and size, but neither is separable from zero"
676477,"Whitlock, Garrett",R,0.550724637681159,168,127,-27,1.67226587412281,-0.770348733161466,4.66643861853578,8.26370206086926,27.7362979391308,10.146,-10,0.274658029077783,phase 5 measured,"CONSISTENT BUT UNDERPOWERED: measured slope matches the model in sign and size, but neither is separable from zero"
684007,"Imanaga, Shota",L,0.266821345707657,254,744,-24,1.6633080869557,-1.50309110665234,2.81563690741433,11.4537889960295,24.5462110039705,5.553,-4,0.304552518757766,phase 5 measured,"CONSISTENT BUT UNDERPOWERED: measured slope matches the model in sign and size, but neither is separable from zero"
663362,"Waldron, Matt",R,0.587662337662338,148,102,-20,1.66058155420485,1.26415882887822,2.22556197376486,12.3678618398916,23.6321381601084,3.09,-3,0.541678642525872,phase 5 measured,"CONSISTENT BUT UNDERPOWERED: measured slope matches the model in sign and size, but neither is separable from zero"
688883,"Pallette, Peyton",R,0.5,89,78,-11,1.65042133691006,1.41185481444241,1.88898785937771,24.4630488384279,11.5369511615721,1.5,-1,0.192260688521963,phase 5 measured,"CONSISTENT BUT UNDERPOWERED: measured slope matches the model in sign and size, but neither is separable from zero"
669302,"Gilbert, Logan",R,0.600797518830306,653,445,-23,1.64433104228758,0.262198485451257,3.72443287033426,12.7647189945459,23.2352810054541,6.93599999999999,-6,0.324725139786446,phase 5 measured,"CONSISTENT BUT UNDERPOWERED: measured slope matches the model in sign and size, but neither is separable from zero"
701519,"Adams, Travis",R,0.567010309278351,120,101,24,1.63657776463646,3.26612127195547,-0.497348256852706,24.6944,11.3056,18.78,17,1.13302586227693,phase 5 measured,"CONSISTENT BUT UNDERPOWERED: measured slope matches the model in sign and size, but neither is separable from zero"
676534,"Faucher, Calvin",R,0.581111111111111,71,81,-29,1.62977650068672,2.13768149531158,0.925176203103696,6.39705189572988,29.6029481042701,10.992,-9,0.268739640559464,phase 5 measured,"CONSISTENT BUT UNDERPOWERED: measured slope matches the model in sign and size, but neither is separable from zero"
677952,"Ashcraft, Braxton",R,0.593406593406593,631,436,-27,1.62729246250117,1.10058850398964,2.39599553708558,8.22806444316257,27.7719355568374,3.192,-3,0.105386086705807,phase 5 measured,"CONSISTENT BUT UNDERPOWERED: measured slope matches the model in sign and size, but neither is separable from zero"
700249,"Povich, Cade",L,0.353200883002208,69,132,21,1.62018039150397,1.43637897829718,1.72054976390358,21.0074437828443,14.9925562171557,3.84,3,0.188813292942794,phase 5 measured,"CONSISTENT BUT UNDERPOWERED: measured slope matches the model in sign and size, but neither is separable from zero"
673540,"Senga, Kodai",R,0.487804878048781,190,189,-17,1.61516519918116,-0.152822865407657,3.29896335593241,18.2367928299168,17.7632071700832,2.604,-2,0.0338993863330088,phase 5 measured,"CONSISTENT BUT UNDERPOWERED: measured slope matches the model in sign and size, but neither is separable from zero"
686580,"Slaten, Justin",R,0.505905511811024,79,77,-31,1.59544698651801,0.861340798909336,2.34710152920896,4.36308537897366,31.6369146210263,3.195,2,0.0435917196716669,phase 5 measured,"CONSISTENT BUT UNDERPOWERED: measured slope matches the model in sign and size, but neither is separable from zero"
676440,"Bibee, Tanner",R,0.551939366919305,589,444,-16,1.58843903985255,0.292113115567586,3.18530619832498,19.8011859135146,16.1988140864854,5.61599999999999,-5,0.158008632816194,phase 5 measured,"CONSISTENT BUT UNDERPOWERED: measured slope matches the model in sign and size, but neither is separable from zero"
656849,"Peterson, David",L,0.289956803455724,262,572,16,1.57344798379137,1.74414469104109,1.50374141969016,16.6542646938609,19.3457353061391,6.75,6,0.0869019582674958,phase 5 measured,"CONSISTENT BUT UNDERPOWERED: measured slope matches the model in sign and size, but neither is separable from zero"
676428,"Hurter, Brant",L,0.491666666666667,68,71,14,1.57286117880121,1.77860562744613,1.37386244978399,14.3427236988461,21.6572763011539,2.7,-2,0.0715807056702462,phase 5 measured,"CONSISTENT BUT UNDERPOWERED: measured slope matches the model in sign and size, but neither is separable from zero"
607192,"Glasnow, Tyler",R,0.622704507512521,151,101,-18,1.5709158509295,0.70898079482331,2.99349008069768,17.3111935537967,18.6888064462033,2.7255,-2,0.239849438806243,phase 5 measured,"CONSISTENT BUT UNDERPOWERED: measured slope matches the model in sign and size, but neither is separable from zero"
663372,"Feltner, Ryan",R,0.522170747849107,331,342,-25,1.56994970552827,1.43522359522467,1.71717810030604,10.3649963987965,25.6350036012035,3.855,-3,0.0178466899771366,phase 5 measured,"CONSISTENT BUT UNDERPOWERED: measured slope matches the model in sign and size, but neither is separable from zero"
646241,"De Jesus, Enmanuel",L,0.434984520123839,127,153,12,1.5679295268548,2.43373257219554,0.901379785099323,12.1209065871305,23.8790934128695,1.68,1,0.199930315490781,phase 5 measured,"CONSISTENT BUT UNDERPOWERED: measured slope matches the model in sign and size, but neither is separable from zero"
607455,"Banda, Anthony",L,0.453947368421053,86,146,11,1.56647491875631,0.651595414431399,2.32703739825533,11.2061538461539,24.7938461538462,9.46199999999999,9,0.928494293498998,phase 5 measured,"CONSISTENT BUT UNDERPOWERED: measured slope matches the model in sign and size, but neither is separable from zero"
592773,"Stanek, Ryne",R,0.449026345933562,148,210,-33,1.54031800687235,-0.249833038788141,2.99923528316946,2.34578844338336,33.6542115566166,3.72,-2,0.0262756971269603,phase 5 measured,"CONSISTENT BUT UNDERPOWERED: measured slope matches the model in sign and size, but neither is separable from zero"
681810,"Warren, Austin",R,0.464723926380368,101,110,-20,1.51664021854191,1.21830086308543,1.77565690823621,15.9878313983415,20.0121686016585,3.0645,-2,0.242977241284089,phase 5 measured,"CONSISTENT BUT UNDERPOWERED: measured slope matches the model in sign and size, but neither is separable from zero"
669923,"Kirby, George",R,0.528015194681861,540,531,-22,1.50993076786384,1.79371558234339,1.1924572128324,13.0575,22.9425,2.6025,-2,0.0817796962176679,phase 5 measured,"CONSISTENT BUT UNDERPOWERED: measured slope matches the model in sign and size, but neither is separable from zero"
594027,"Guerrero, Tyron",R,0.46734693877551,129,123,-31,1.50961422788298,-0.401401953017455,3.18632957434351,4.48582062697562,31.5141793730244,2.28,-1,0.000650989529581469,phase 5 measured,"CONSISTENT BUT UNDERPOWERED: measured slope matches the model in sign and size, but neither is separable from zero"
593974,"Peralta, Wandy",L,0.505050505050505,231,192,-12,1.5038021765922,0.122324284064334,2.91347349549819,23.9739743045451,12.0260256954549,14.6115,-12,1.5038021765922,phase 5 measured,"CONSISTENT BUT UNDERPOWERED: measured slope matches the model in sign and size, but neither is separable from zero"
592662,"Ray, Robbie",L,0.246563573883162,237,755,9,1.49522985244181,2.02886007279328,1.32059829800524,9.57978051289256,26.4202194871074,2.643,2,0.159678889633783,phase 5 measured,"CONSISTENT BUT UNDERPOWERED: measured slope matches the model in sign and size, but neither is separable from zero"
660853,"De Los Santos, Enyel",R,0.482834994462901,173,199,-23,1.48426448132266,-0.56986121957102,3.40203494297072,12.6839456604471,23.3160543395529,2.81999999999999,1,0.0131409611784612,phase 5 measured,"CONSISTENT BUT UNDERPOWERED: measured slope matches the model in sign and size, but neither is separable from zero"
641927,"Ober, Bailey",R,0.585889570552147,390,297,-27,1.4795928764731,0.526542469259152,2.82798271186468,8.3285884635576,27.6714115364424,3.42,-2,0.111101151176484,phase 5 measured,"CONSISTENT BUT UNDERPOWERED: measured slope matches the model in sign and size, but neither is separable from zero"
804267,"Thornton, Zac",L,0.306233062330623,105,210,9,1.46054157156953,2.35976472674269,1.06361885073137,9.4837690891368,26.5162309108632,6.936,6,0.46362299804226,phase 5 measured,"CONSISTENT BUT UNDERPOWERED: measured slope matches the model in sign and size, but neither is separable from zero"
696062,"Dotel, Wilber",R,0.601279317697228,121,77,-22,1.45335180490509,0.467801522827893,2.93958271156697,13.7556370641332,22.2443629358668,13.548,-13,0.181657875852605,phase 5 measured,"CONSISTENT BUT UNDERPOWERED: measured slope matches the model in sign and size, but neither is separable from zero"
665795,"Cabrera, Edward",R,0.5890625,335,261,-26,1.4443778236403,0.736761308158331,2.45871784773422,9.59684389374964,26.4031561062504,5.562,-5,0.100530856897726,phase 5 measured,"CONSISTENT BUT UNDERPOWERED: measured slope matches the model in sign and size, but neither is separable from zero"
664299,"Javier, Cristian",R,0.42572741194487,108,174,-30,1.44300713064992,0.720359188544065,1.97873013839772,5.89041316613987,30.1095868338601,3.429,-1,0.0445223555032206,phase 5 measured,"CONSISTENT BUT UNDERPOWERED: measured slope matches the model in sign and size, but neither is separable from zero"
688158,"Morgan, David",R,0.462311557788945,80,95,-18,1.42945435560155,1.14040668021789,1.67798132882862,17.8125905815879,18.1874094184121,4.308,-3,0.319646546427484,phase 5 measured,"CONSISTENT BUT UNDERPOWERED: measured slope matches the model in sign and size, but neither is separable from zero"
607259,"Martinez, Nick",R,0.602308499475341,529,368,25,1.41676366632807,1.68298019951689,1.01357556593128,25.0965441479541,10.9034558520459,2.964,-2,0.205644383304261,phase 5 measured,"CONSISTENT BUT UNDERPOWERED: measured slope matches the model in sign and size, but neither is separable from zero"
663878,"Pearson, Nate",R,0.641666666666667,129,60,-25,1.41238253041327,0.743729183671715,2.6097385234156,10.2363448807166,25.7636551192834,10.2,-1,0.00118754893510475,phase 5 measured,"CONSISTENT BUT UNDERPOWERED: measured slope matches the model in sign and size, but neither is separable from zero"
518876,"Kelly, Merrill",R,0.615199615199615,569,384,-26,1.40340094767627,0.81917685107195,2.33742922212242,9.57300695696986,26.4269930430301,1.98,-1,0.0165201824991546,phase 5 measured,"CONSISTENT BUT UNDERPOWERED: measured slope matches the model in sign and size, but neither is separable from zero"
669020,"Rolison, Ryan",L,0.451737451737452,129,149,17,1.39984342868731,-0.0505283664385266,2.59486807678395,17.0713030266732,18.9286969733268,3.132,-3,0.210420194012206,phase 5 measured,"CONSISTENT BUT UNDERPOWERED: measured slope matches the model in sign and size, but neither is separable from zero"
666277,"Soriano, George",R,0.488599348534202,145,133,-16,1.39264218381656,0.566960406371705,2.18151012405049,19.7729032258064,16.2270967741936,11.436,-11,0.573381531418802,phase 5 measured,"CONSISTENT BUT UNDERPOWERED: measured slope matches the model in sign and size, but neither is separable from zero"
695611,"Jump, Gage",L,0.253127299484915,158,468,16,1.39141548297744,1.62893889052141,1.31091493894283,16.4279060943799,19.5720939056201,6.168,-5,0.0698555842217305,phase 5 measured,"CONSISTENT BUT UNDERPOWERED: measured slope matches the model in sign and size, but neither is separable from zero"
668873,"Kilian, Caleb",R,0.573453608247423,197,133,-12,1.39058878004811,1.31231008136839,1.49582751392266,23.5850581208152,12.4149418791848,13.338,-12,1.39058878004811,phase 5 measured,"CONSISTENT BUT UNDERPOWERED: measured slope matches the model in sign and size, but neither is separable from zero"
663568,"Kolek, Stephen",R,0.585424133811231,241,155,-19,1.37851192170632,0.282755325693861,2.92583391607551,16.5803017849582,19.4196982150418,10.62,-10,0.157484078124904,phase 5 measured,"CONSISTENT BUT UNDERPOWERED: measured slope matches the model in sign and size, but neither is separable from zero"
669467,"Pallante, Andre",R,0.523831139355425,461,407,-20,1.37632164352955,0.615830326103292,2.21293458948751,15.1805139935687,20.8194860064313,4.2,-4,0.103065770762218,phase 5 measured,"CONSISTENT BUT UNDERPOWERED: measured slope matches the model in sign and size, but neither is separable from zero"
681190,"Vásquez, Randy",R,0.595264317180617,498,342,-23,1.37613828551761,1.19797974344152,1.63816465828532,12.3276230942264,23.6723769057736,6.588,3,0.134368983714068,phase 5 measured,"CONSISTENT BUT UNDERPOWERED: measured slope matches the model in sign and size, but neither is separable from zero"
687562,"Bennett, Jake",L,0.261096605744125,137,443,13,1.35680559796755,2.28574882878351,1.02855710651315,13.8448275862069,22.1551724137931,2.652,2,0.0994576108970431,phase 5 measured,"CONSISTENT BUT UNDERPOWERED: measured slope matches the model in sign and size, but neither is separable from zero"
527048,"Pérez, Martín",L,0.302730970366066,228,447,25,1.34799595984001,1.10437896862075,1.45376633686103,25.0978304430372,10.9021695569628,4.614,-4,0.273274740162121,phase 5 measured,"CONSISTENT BUT UNDERPOWERED: measured slope matches the model in sign and size, but neither is separable from zero"
680744,"Madden, Ty",R,0.513812154696133,124,109,-17,1.33927314023296,0.505132610957357,2.22080801776285,18.2314216118243,17.7685783881757,3.9375,-3,0.123629998095525,phase 5 measured,"CONSISTENT BUT UNDERPOWERED: measured slope matches the model in sign and size, but neither is separable from zero"
544150,"Suárez, Albert",R,0.492537313432836,164,193,-27,1.33478511599738,-0.105603417593102,2.73280928095285,8.91510237882259,27.0848976211775,2.466,-1,0.0447256817355478,phase 5 measured,"CONSISTENT BUT UNDERPOWERED: measured slope matches the model in sign and size, but neither is separable from zero"
642207,"Williams, Devin",R,0.512362637362637,162,133,-29,1.32200182092255,-1.29660345027085,4.07338144389476,6.52605119888798,29.473948801112,2.874,0,0,phase 5 measured,"CONSISTENT BUT UNDERPOWERED: measured slope matches the model in sign and size, but neither is separable from zero"
669684,"Murphy, Chris",L,0.531309297912713,104,92,15,1.31924080675021,1.53176833792962,1.07831890905697,15.9403667186468,20.0596332813532,2.994,-2,0.261577961986824,phase 5 measured,"CONSISTENT BUT UNDERPOWERED: measured slope matches the model in sign and size, but neither is separable from zero"
675848,"Mejia, Juan",R,0.460992907801419,174,227,-24,1.31702104454983,0.311052459209948,2.17738891359052,11.3254022988506,24.6745977011494,6.804,1,0.0734040718741502,phase 5 measured,"CONSISTENT BUT UNDERPOWERED: measured slope matches the model in sign and size, but neither is separable from zero"
542888,"Armstrong, Shawn",R,0.474036850921273,103,119,-29,1.31614742144463,1.06622925098504,1.5413921419544,6.39482704503988,29.6051729549601,3.27,2,0.0220031760313569,phase 5 measured,"CONSISTENT BUT UNDERPOWERED: measured slope matches the model in sign and size, but neither is separable from zero"
683003,"Jones, Jared",R,0.615458015267176,294,190,-24,1.31241932024584,0.827640354830965,2.08830625000413,11.0800143120908,24.9199856879092,4.245,-3,0.0400873039093257,phase 5 measured,"CONSISTENT BUT UNDERPOWERED: measured slope matches the model in sign and size, but neither is separable from zero"
700669,"Graceffo, Gordon",R,0.436681222707424,137,187,-20,1.29086692299456,0.891673122887804,1.60031948121685,15.0324505811075,20.9675494188925,3.048,-3,0.0261009296183042,phase 5 measured,"CONSISTENT BUT UNDERPOWERED: measured slope matches the model in sign and size, but neither is separable from zero"
571948,"Milner, Hoby",L,0.514084507042254,125,101,-23,1.28100214923164,2.3291183628628,0.172125575389986,12.6442105263158,23.3557894736842,2.94000000000001,-2,0.153911680889993,phase 5 measured,"CONSISTENT BUT UNDERPOWERED: measured slope matches the model in sign and size, but neither is separable from zero"
666171,"Zeferjahn, Ryan",R,0.464814814814815,163,190,-18,1.27667203667066,0.845250045205235,1.65136726109219,17.6101151907847,18.3898848092153,6.5925,6,0.121989832190254,phase 5 measured,"CONSISTENT BUT UNDERPOWERED: measured slope matches the model in sign and size, but neither is separable from zero"
656546,"Hoffman, Jeff",R,0.544265593561368,181,153,-12,1.27201230943897,0.104168804797625,2.66672166045657,23.3511042872328,12.6488957127672,3.39,-2,0.138772022338041,phase 5 measured,"CONSISTENT BUT UNDERPOWERED: measured slope matches the model in sign and size, but neither is separable from zero"
642100,"Speier, Gabe",L,0.517786561264822,105,118,15,1.26659413605442,1.38879877938171,1.13537439608822,15.8195391913876,20.1804608086124,2.616,0,0,phase 5 measured,"CONSISTENT BUT UNDERPOWERED: measured slope matches the model in sign and size, but neither is separable from zero"
643377,"Jax, Griffin",R,0.625889046941679,387,239,-29,1.24762118487056,0.622670536923351,2.29316599512446,6.47434530448361,29.5256546955164,2.43,0,0,phase 5 measured,"CONSISTENT BUT UNDERPOWERED: measured slope matches the model in sign and size, but neither is separable from zero"
801403,"Dollander, Chase",R,0.467025572005384,155,187,-28,1.2465933784784,1.16068398773108,1.32187256683528,7.81172997822404,28.188270021776,4.38,-4,0.129354134752432,phase 5 measured,"CONSISTENT BUT UNDERPOWERED: measured slope matches the model in sign and size, but neither is separable from zero"
656641,"Latz, Jacob",L,0.349602724177072,131,279,13,1.222653640156,2.25400687706971,0.668278776335018,13.3210759672409,22.6789240327591,3.327,-3,0.0490310438861373,phase 5 measured,"CONSISTENT BUT UNDERPOWERED: measured slope matches the model in sign and size, but neither is separable from zero"
669084,"Hall, DL",L,0.393416927899687,82,147,9,1.22197445289946,0.647210975840791,1.59475386566878,9.60200213544798,26.397997864552,4.11,4,0.382842206502333,phase 5 measured,"CONSISTENT BUT UNDERPOWERED: measured slope matches the model in sign and size, but neither is separable from zero"
808963,"Sasaki, Roki",R,0.578166401695814,498,369,-17,1.22184450143456,0.464308480491152,2.26012565576781,18.7188212485459,17.2811787514541,3.96,-3,0.156313765902307,phase 5 measured,"CONSISTENT BUT UNDERPOWERED: measured slope matches the model in sign and size, but neither is separable from zero"
664141,"Brubaker, JT",R,0.492957746478873,165,200,-12,1.20082153139011,0.332374770628674,2.04514477101929,23.3074619974835,12.6925380025165,2.262,-2,0.129045237304296,phase 5 measured,"CONSISTENT BUT UNDERPOWERED: measured slope matches the model in sign and size, but neither is separable from zero"
605288,"Houser, Adrian",R,0.655349135169763,430,270,-35,1.20053288891529,0.711964368724259,2.12953957321905,0.732000000000003,35.268,2.721,0,0,phase 5 measured,"CONSISTENT BUT UNDERPOWERED: measured slope matches the model in sign and size, but neither is separable from zero"
690953,"Abel, Mick",R,0.50140056022409,89,81,-24,1.19447844380634,1.33452743106714,1.05364266448229,11.8207074746481,24.179292525352,1.767,0,0,phase 5 measured,"CONSISTENT BUT UNDERPOWERED: measured slope matches the model in sign and size, but neither is separable from zero"
641743,"Kay, Anthony",L,0.270910780669145,279,706,14,1.19324389361981,0.354871289712359,1.50476156607236,14.7201775147929,21.2798224852071,3.57,-3,0.159096310230054,phase 5 measured,"CONSISTENT BUT UNDERPOWERED: measured slope matches the model in sign and size, but neither is separable from zero"
684974,"Yoho, Craig",R,0.560747663551402,84,70,-28,1.18368606100527,-0.51765279171132,3.35560800064348,7.32426998812506,28.675730011875,6.561,-4,0.119537539398742,phase 5 measured,"CONSISTENT BUT UNDERPOWERED: measured slope matches the model in sign and size, but neither is separable from zero"
808967,"Yamamoto, Yoshinobu",R,0.540277777777778,529,486,-19,1.14482356355882,0.860150341835114,1.47937910208003,16.4154709081036,19.5845290918965,3.015,-3,0.0935117152447175,phase 5 measured,"CONSISTENT BUT UNDERPOWERED: measured slope matches the model in sign and size, but neither is separable from zero"
669270,"Kuhnel, Joel",R,0.508896797153025,116,109,17,1.13954312765747,2.05462591138516,0.19130517060631,17.981306322207,18.018693677793,6.75449999999999,-5,0.0640592400668693,phase 5 measured,"CONSISTENT BUT UNDERPOWERED: measured slope matches the model in sign and size, but neither is separable from zero"
680742,"Bowlan, Jonathan",R,0.563342318059299,178,119,-12,1.13124667200143,0.37294942057296,2.10954374328877,23.4197278194263,12.5802721805737,2.778,-2,0.150122712654861,phase 5 measured,"CONSISTENT BUT UNDERPOWERED: measured slope matches the model in sign and size, but neither is separable from zero"
699823,"Davis, Tyler",R,0.401015228426396,74,97,-29,1.11468041430357,0.231440021054026,1.70600237249607,6.54016119630218,29.4598388036978,4.551,-1,0.0395803079315439,phase 5 measured,"CONSISTENT BUT UNDERPOWERED: measured slope matches the model in sign and size, but neither is separable from zero"
668674,"Erceg, Lucas",R,0.512135922330097,173,159,-17,1.10827811638847,0.572334645848235,1.67088544118444,18.8258335329678,17.1741664670322,4.014,-4,0.185019453378088,phase 5 measured,"CONSISTENT BUT UNDERPOWERED: measured slope matches the model in sign and size, but neither is separable from zero"
594580,"Moll, Sam",L,0.522019334049409,178,125,16,1.08899691352949,1.15031536897264,1.02202889252865,16.9512929023341,19.0487070976659,5.04,-4,0.202299527713189,phase 5 measured,"CONSISTENT BUT UNDERPOWERED: measured slope matches the model in sign and size, but neither is separable from zero"
669330,"Wells, Tyler",R,0.552486187845304,156,128,-25,1.07876820449544,-0.0607621851231938,2.48559584599993,10.4827932926071,25.5172067073929,3.18,3,0.0355673549695717,phase 5 measured,"CONSISTENT BUT UNDERPOWERED: measured slope matches the model in sign and size, but neither is separable from zero"
641778,"Lauer, Eric",L,0.222352941176471,163,624,16,1.07071493549204,0.743689305324416,1.16422150750669,16.3997287644707,19.6002712355293,6.144,-6,0.510177184721872,phase 5 measured,"CONSISTENT BUT UNDERPOWERED: measured slope matches the model in sign and size, but neither is separable from zero"
686930,"Barnett, Mason",R,0.489905787348587,101,124,-12,1.06790832676081,-0.15759954243536,2.24491324598879,23.7453501748055,12.2546498251946,2.226,-2,0.220488964477735,phase 5 measured,"CONSISTENT BUT UNDERPOWERED: measured slope matches the model in sign and size, but neither is separable from zero"
663623,"Irvin, Jake",R,0.607505863956216,339,212,-22,1.06655303261046,0.86992260854895,1.37089932642678,13.3566700163072,22.6433299836928,2.793,-2,0.138226477553682,phase 5 measured,"CONSISTENT BUT UNDERPOWERED: measured slope matches the model in sign and size, but neither is separable from zero"
621121,"McCullers Jr., Lance",R,0.614123581336696,172,115,-22,1.06406649434427,0.901221635496586,1.32323461937311,13.2283387257393,22.7716612742607,5.35199999999999,-5,0.19194237588785,phase 5 measured,"CONSISTENT BUT UNDERPOWERED: measured slope matches the model in sign and size, but neither is separable from zero"
656638,"Lange, Alex",R,0.575991189427313,155,128,23,1.06356116357582,1.39606991305668,0.611867459735599,23.2442756060782,12.7557243939218,12.624,-12,0.640779955070945,phase 5 measured,"CONSISTENT BUT UNDERPOWERED: measured slope matches the model in sign and size, but neither is separable from zero"
547973,"Chapman, Aroldis",L,0.327300150829563,81,220,29,1.03679262821078,1.48367837731002,0.819361669568321,29.365013800552,6.63498619944797,3.36,-3,0.0972386172342858,phase 5 measured,"CONSISTENT BUT UNDERPOWERED: measured slope matches the model in sign and size, but neither is separable from zero"
685299,"Gordon, Tanner",R,0.558055805580558,309,245,-13,1.03503611029869,0.264010564489654,2.00863252252192,22.6294462759979,13.3705537240021,2.106,-2,0.140939238823847,phase 5 measured,"CONSISTENT BUT UNDERPOWERED: measured slope matches the model in sign and size, but neither is separable from zero"
687911,"King, Bryan",L,0.414634146341463,146,240,11,1.02715972770486,1.27361480835187,0.852587378913236,11.4132384341637,24.5867615658363,2.34,-2,0.272007023424459,phase 5 measured,"CONSISTENT BUT UNDERPOWERED: measured slope matches the model in sign and size, but neither is separable from zero"
669211,"Akin, Keegan",L,0.433408577878104,84,104,14,1.00998356732133,1.02525374658036,0.998302792748695,14.978978150859,21.021021849141,5.52600000000001,-5,0.215819301362537,phase 5 measured,"CONSISTENT BUT UNDERPOWERED: measured slope matches the model in sign and size, but neither is separable from zero"
694477,"Patrick, Chad",R,0.488372093023256,323,315,-29,1.00712449026779,0.659391580714455,1.33905135847779,6.66384132563394,29.3361586743661,2.529,-1,0.0101578791993615,phase 5 measured,"CONSISTENT BUT UNDERPOWERED: measured slope matches the model in sign and size, but neither is separable from zero"
657514,"Bernardino, Brennan",L,0.513888888888889,143,120,12,0.990953022272885,0.385537439978517,1.63096378069836,12.8107155392891,23.1892844607109,2.27999999999999,2,0.225747050069563,phase 5 measured,"CONSISTENT BUT UNDERPOWERED: measured slope matches the model in sign and size, but neither is separable from zero"
800048,"Messick, Parker",L,0.256909832351609,268,758,-12,0.984042666361863,-0.266877303179372,1.41652536314838,23.7510698616267,12.2489301383733,1.8,-1,0.112006013648923,phase 5 measured,"CONSISTENT BUT UNDERPOWERED: measured slope matches the model in sign and size, but neither is separable from zero"
592836,"Walker, Taijuan",R,0.613207547169811,113,71,-21,0.975252988610262,0.244166374439471,2.13429274278347,14.9069400598894,21.0930599401106,3.12,1,0.0949793879421254,phase 5 measured,"CONSISTENT BUT UNDERPOWERED: measured slope matches the model in sign and size, but neither is separable from zero"
690997,"McLean, Nolan",R,0.590504451038576,552,365,-7,0.972567626069469,0.080554344066829,2.25887663417473,28.2707416549034,7.72925834509659,3.096,-3,0.435822261863912,phase 5 measured,"CONSISTENT BUT UNDERPOWERED: measured slope matches the model in sign and size, but neither is separable from zero"
671922,"Smith, Cade",R,0.559006211180124,252,167,-19,0.968645833831432,0.539195485546798,1.51301951475562,16.707460249248,19.2925397507521,5.04,-3,0.102401571074193,phase 5 measured,"CONSISTENT BUT UNDERPOWERED: measured slope matches the model in sign and size, but neither is separable from zero"
666200,"Luzardo, Jesús",L,0.237899917965546,270,819,9,0.964371202360417,1.22156205688937,0.884085575004771,9.48309652987499,26.516903470125,3.54,-3,0.27548630796478,phase 5 measured,"CONSISTENT BUT UNDERPOWERED: measured slope matches the model in sign and size, but neither is separable from zero"
661563,"Gil, Luis",R,0.492581602373887,61,60,-14,0.963638977871791,0.338842827262505,1.57016623518841,21.254303046323,14.745696953677,2.64,-2,0.122987982058248,phase 5 measured,"CONSISTENT BUT UNDERPOWERED: measured slope matches the model in sign and size, but neither is separable from zero"
672782,"Gómez, Yoendrys",R,0.521017699115044,177,165,-20,0.953247490006514,0.968496393875362,0.936660345151486,15.4518843072637,20.5481156927363,5.232,-2,0.0867393433627874,phase 5 measured,"CONSISTENT BUT UNDERPOWERED: measured slope matches the model in sign and size, but neither is separable from zero"
693686,"Miles, Spencer",R,0.534653465346535,311,249,-22,0.946064657128286,1.0204742496168,0.860572784907435,13.4666763103007,22.5333236896993,1.98,0,0,phase 5 measured,"CONSISTENT BUT UNDERPOWERED: measured slope matches the model in sign and size, but neither is separable from zero"
571945,"Mikolas, Miles",R,0.577449370552819,483,376,-19,0.945000013263452,0.173453163707565,1.99938074678866,16.5229439123481,19.4770560876519,6.564,-5,0.119701080534399,phase 5 measured,"CONSISTENT BUT UNDERPOWERED: measured slope matches the model in sign and size, but neither is separable from zero"
681035,"Scott, Christian",R,0.637312459230268,475,228,-12,0.940732896868824,1.10224308436213,0.656928124960617,23.4551712925096,12.5448287074904,2.1705,2,0.0382043846531184,phase 5 measured,"CONSISTENT BUT UNDERPOWERED: measured slope matches the model in sign and size, but neither is separable from zero"
676684,"Vest, Will",R,0.551652892561983,114,96,-13,0.927542362549413,0.596737958195565,1.33456897988802,22.3608666141372,13.6391333858628,3.48,-3,0.0794262579880682,phase 5 measured,"CONSISTENT BUT UNDERPOWERED: measured slope matches the model in sign and size, but neither is separable from zero"
606996,"Hart, Kyle",L,0.424425634824668,117,158,-14,0.927508391381602,0.864195020417629,0.974195351903356,15.8902702702703,20.1097297297297,9.048,-9,0.831540307995984,phase 5 measured,"CONSISTENT BUT UNDERPOWERED: measured slope matches the model in sign and size, but neither is separable from zero"
607200,"Fedde, Erick",R,0.565287479849543,413,334,-28,0.92352633919341,-0.250160590559841,2.44975458406414,7.33849218855026,28.6615078114497,3.78,-3,0.264107484842412,phase 5 measured,"CONSISTENT BUT UNDERPOWERED: measured slope matches the model in sign and size, but neither is separable from zero"
693855,"Seymour, Ian",L,0.336118251928021,243,457,22,0.917736900816973,0.890037727450675,0.931760780459348,22.2371831274589,13.7628168725411,6.12,-6,0.389490966799004,phase 5 measured,"CONSISTENT BUT UNDERPOWERED: measured slope matches the model in sign and size, but neither is separable from zero"
642528,"Loáisiga, Jonathan",R,0.520718232044199,149,134,20,0.915965893358964,1.382216628828,0.409405296033819,20.2114052124595,15.7885947875405,8.79,1,0.00584763769930758,phase 5 measured,"CONSISTENT BUT UNDERPOWERED: measured slope matches the model in sign and size, but neither is separable from zero"
670167,"Schreiber, John",R,0.49669749009247,126,142,-15,0.915222009429753,1.10418858928999,0.728735305945635,20.0070901966252,15.9929098033749,3.06,0,0,phase 5 measured,"CONSISTENT BUT UNDERPOWERED: measured slope matches the model in sign and size, but neither is separable from zero"
657746,"Ryan, Joe",R,0.554810914313069,572,435,-18,0.915152442490838,0.743225212985063,1.12941444141255,17.9549978533163,18.0450021466837,2.54700000000001,-2,0.0185568199900148,phase 5 measured,"CONSISTENT BUT UNDERPOWERED: measured slope matches the model in sign and size, but neither is separable from zero"
453286,"Scherzer, Max",R,0.642105263157895,232,147,-9,0.914710016665184,0.462942110186195,1.72523479005396,26.5157818933756,9.48421810662443,1.893,-1,0.0485739402376087,phase 5 measured,"CONSISTENT BUT UNDERPOWERED: measured slope matches the model in sign and size, but neither is separable from zero"
660825,"Bazardo, Eduard",R,0.526436781609195,176,176,20,0.909993230284996,0.643970824623464,1.20571716667573,20.6810649346719,15.3189350653281,3.84,-2,0.112792317563324,phase 5 measured,"CONSISTENT BUT UNDERPOWERED: measured slope matches the model in sign and size, but neither is separable from zero"
676879,"Ashby, Aaron",L,0.403565640194489,177,268,-10,0.876503274494785,-1.23480169091009,2.30507647119537,21.583346816563,14.416653183437,3.24,-3,0.479787696741814,phase 5 measured,"CONSISTENT BUT UNDERPOWERED: measured slope matches the model in sign and size, but neither is separable from zero"
678022,"Perkins, Jack",R,0.566577896138482,354,306,-15,0.863753986815573,0.496023713022675,1.34445823105176,20.1444152935346,15.8555847064654,5.526,-4,0.167512291304225,phase 5 measured,"CONSISTENT BUT UNDERPOWERED: measured slope matches the model in sign and size, but neither is separable from zero"
660761,"Suarez, José",L,0.408464566929134,169,268,14,0.860882938471546,0.507899059122151,1.10462388677437,14.1500366111476,21.8499633888524,7.87199999999999,1,0.0771879396348752,phase 5 measured,"CONSISTENT BUT UNDERPOWERED: measured slope matches the model in sign and size, but neither is separable from zero"
656794,"Newcomb, Sean",L,0.394736842105263,160,261,-8,0.852702709482875,1.8321199682959,0.213952323300468,15.3398885669951,20.6601114330049,3.0255,-3,0.554247227033888,phase 5 measured,"CONSISTENT BUT UNDERPOWERED: measured slope matches the model in sign and size, but neither is separable from zero"
665871,"Assad, Javier",R,0.534099616858238,270,240,25,0.845492845864695,1.3118234799654,0.310899997232804,25.9320045346211,10.0679954653789,8.58,2,0.0949407423989456,phase 5 measured,"CONSISTENT BUT UNDERPOWERED: measured slope matches the model in sign and size, but neither is separable from zero"
676775,"Winn, Keaton",R,0.4,76,147,-27,0.842362763111167,-0.495414992111641,1.73421459992637,8.7312778226535,27.2687221773465,3.39,-3,0.0864258395947234,phase 5 measured,"CONSISTENT BUT UNDERPOWERED: measured slope matches the model in sign and size, but neither is separable from zero"
676617,"O'Brien, Riley",R,0.488095238095238,147,146,-24,0.824178628475795,1.18496010808648,0.480177682800495,11.8917259365129,24.1082740634871,3.0015,-2,0.342749806939003,phase 5 measured,"CONSISTENT BUT UNDERPOWERED: measured slope matches the model in sign and size, but neither is separable from zero"
656730,"Megill, Trevor",R,0.413432835820896,119,181,-21,0.815912287744887,-0.0146050351995935,1.40128963750474,9.09605057986096,26.903949420139,3.24,-3,0.287105356149305,phase 5 measured,"CONSISTENT BUT UNDERPOWERED: measured slope matches the model in sign and size, but neither is separable from zero"
665152,"Kremer, Dean",R,0.614136732329085,231,153,-18,0.810553958536815,-0.596125762414321,3.04941357446505,17.9999897115154,18.0000102884847,3.5055,-1,0.0150800659827188,phase 5 measured,"CONSISTENT BUT UNDERPOWERED: measured slope matches the model in sign and size, but neither is separable from zero"
681916,"Smith, Dylan",R,0.467625899280576,74,91,-23,0.807429571703329,-0.20752183939293,1.69894094631491,12.2051549015787,23.7948450984213,2.52,-1,0.0185648292686635,phase 5 measured,"CONSISTENT BUT UNDERPOWERED: measured slope matches the model in sign and size, but neither is separable from zero"
687473,"Gusto, Ryan",R,0.590909090909091,222,181,17,0.794982395687512,0.594744621799717,1.08421473574766,17.4526192872962,18.5473807127038,4.488,2,0.000894327563108199,phase 5 measured,"CONSISTENT BUT UNDERPOWERED: measured slope matches the model in sign and size, but neither is separable from zero"
700712,"Ureña, Walbert",R,0.547231270358306,414,365,9,0.790103391514537,1.48795799053505,-0.0533467713304016,9.99354954300497,26.006450456995,3.36,3,0.0890001241997439,phase 5 measured,"CONSISTENT BUT UNDERPOWERED: measured slope matches the model in sign and size, but neither is separable from zero"
665622,"Medina, Luis",R,0.468149646107179,155,211,-28,0.781688801593616,0.587251772913377,0.95283774508972,7.94556860955856,28.0544313904414,3.3,1,0.058073961049342,phase 5 measured,"CONSISTENT BUT UNDERPOWERED: measured slope matches the model in sign and size, but neither is separable from zero"
608718,"Suter, Brent",L,0.401134521880065,176,323,6,0.780699088671127,1.6949863931265,0.168287430071113,6.81997332136456,29.1800266786354,3.723,3,0.377676041765263,phase 5 measured,"CONSISTENT BUT UNDERPOWERED: measured slope matches the model in sign and size, but neither is separable from zero"
693433,"Woo, Bryan",R,0.609065155807365,624,426,-28,0.779946101732486,0.941025783457149,0.528988626581743,7.22463954826375,28.7753604517363,2.748,-2,0.0341192857891215,phase 5 measured,"CONSISTENT BUT UNDERPOWERED: measured slope matches the model in sign and size, but neither is separable from zero"
680732,"Burke, Sean",R,0.589539007092199,592,439,-12,0.777470863724627,0.353870828034427,1.38588128215656,23.252674722792,12.747325277208,3.576,-3,0.131332280294992,phase 5 measured,"CONSISTENT BUT UNDERPOWERED: measured slope matches the model in sign and size, but neither is separable from zero"
621074,"Rucker, Michael",R,0.590588235294118,102,71,-17,0.775301057175583,0.841128071424048,0.680343697541303,18.062039862971,17.937960137029,2.895,2,0.175072926161982,phase 5 measured,"CONSISTENT BUT UNDERPOWERED: measured slope matches the model in sign and size, but neither is separable from zero"
696131,"Black, Mason",R,0.470817120622568,85,81,-16,0.772831854078692,1.65465604749588,-0.0117323180057164,19.3341055786259,16.6658944213741,5.472,-1,0.221956703960967,phase 5 measured,"CONSISTENT BUT UNDERPOWERED: measured slope matches the model in sign and size, but neither is separable from zero"
683742,"Franco, Jose",R,0.566091954022989,76,67,-26,0.770822416761416,0.0251573906532363,1.74364367598864,9.15490007785923,26.8450999221408,5.376,-5,0.0840348714607941,phase 5 measured,"CONSISTENT BUT UNDERPOWERED: measured slope matches the model in sign and size, but neither is separable from zero"
679883,"Avila, Luinder",R,0.593967517401392,342,193,-12,0.767764542335471,0.538459574293433,1.1032049527284,23.3758434730064,12.6241565269936,4.584,3,0.0511064867662551,phase 5 measured,"CONSISTENT BUT UNDERPOWERED: measured slope matches the model in sign and size, but neither is separable from zero"
695505,"Burns, Chase",R,0.647141518275539,639,367,-13,0.765845380328838,0.19806731978387,1.80714883532565,22.5701729989893,13.4298270010107,3.96,-3,0.263018500620643,phase 5 measured,"CONSISTENT BUT UNDERPOWERED: measured slope matches the model in sign and size, but neither is separable from zero"
592791,"Taillon, Jameson",R,0.561527581329561,321,317,13,0.761000872981911,0.785010367271378,0.730253230295077,13.7125068579617,22.2874931420383,3.7005,2,0.014581066729693,phase 5 measured,"CONSISTENT BUT UNDERPOWERED: measured slope matches the model in sign and size, but neither is separable from zero"
680767,"Vodnik, Victor",R,0.492656875834446,157,141,-15,0.753577641599003,0.780437392139586,0.727495410153015,20.4579509333691,15.542049066631,6.456,-6,0.297547025031721,phase 5 measured,"CONSISTENT BUT UNDERPOWERED: measured slope matches the model in sign and size, but neither is separable from zero"
573204,"Thielbar, Caleb",L,0.394894894894895,81,160,-8,0.748655068401254,-0.374324011730963,1.48151734650243,21.8618857216561,14.1381142783439,5.7,-5,0.542140475944458,phase 5 measured,"CONSISTENT BUT UNDERPOWERED: measured slope matches the model in sign and size, but neither is separable from zero"
669199,"Bachar, Lake",R,0.552701505757307,250,161,-19,0.744799603178563,0.158050352134549,1.46981253912206,16.5729614322724,19.4270385677276,6.153,-1,0.0553794402966985,phase 5 measured,"CONSISTENT BUT UNDERPOWERED: measured slope matches the model in sign and size, but neither is separable from zero"
680604,"Castaño, Blas",R,0.428571428571429,62,94,25,0.740363324111602,0.903936954301439,0.617683101469224,25.0759160378902,10.9240839621098,2.244,-2,0.111969184930803,phase 5 measured,"CONSISTENT BUT UNDERPOWERED: measured slope matches the model in sign and size, but neither is separable from zero"
680736,"Wrobleski, Justin",L,0.256315789473684,238,693,11,0.730693320206318,0.253650536496046,0.895109339786574,11.8869130964752,24.1130869035248,2.07,-2,0.0772375852442029,phase 5 measured,"CONSISTENT BUT UNDERPOWERED: measured slope matches the model in sign and size, but neither is separable from zero"
688642,"Agnos, Zach",R,0.496569468267582,267,268,-16,0.729403747603779,0.445592132028448,1.00934740248984,19.1330769230769,16.8669230769231,6.05699999999999,-3,0.0919364438825618,phase 5 measured,"CONSISTENT BUT UNDERPOWERED: measured slope matches the model in sign and size, but neither is separable from zero"
608372,"Sugano, Tomoyuki",R,0.52779306549257,393,372,-12,0.725518914055114,0.36205760077793,1.13176530034045,23.8419205858119,12.1580794141881,2.34,-1,0.0753451272275032,phase 5 measured,"CONSISTENT BUT UNDERPOWERED: measured slope matches the model in sign and size, but neither is separable from zero"
673929,"Leasure, Jordan",R,0.421725239616613,63,82,-8,0.722421385941541,-0.0604268406579912,1.29333832467711,18.8495595677615,17.1504404322385,3.687,-3,0.327149663957299,phase 5 measured,"CONSISTENT BUT UNDERPOWERED: measured slope matches the model in sign and size, but neither is separable from zero"
681517,"Leahy, Kyle",R,0.521558441558442,415,405,-20,0.721677111070088,1.23255835371476,0.164755539283716,15.5066203954433,20.4933796045567,2.745,-2,0.038945597914608,phase 5 measured,"CONSISTENT BUT UNDERPOWERED: measured slope matches the model in sign and size, but neither is separable from zero"
702193,"Morris, Andrew",R,0.544031311154599,226,205,-24,0.715158059105036,-0.216152421194859,1.82633537036414,11.2939726027397,24.7060273972603,2.394,-2,0.100446729343628,phase 5 measured,"CONSISTENT BUT UNDERPOWERED: measured slope matches the model in sign and size, but neither is separable from zero"
489446,"Yates, Kirby",R,0.45362563237774,113,160,24,0.714610313697955,0.70955131542258,0.718810531401893,24.032891612409,11.967108387591,2.52000000000001,-1,0.0472302759617463,phase 5 measured,"CONSISTENT BUT UNDERPOWERED: measured slope matches the model in sign and size, but neither is separable from zero"
669372,"Ginn, J.T.",R,0.602589641434263,509,362,-26,0.709708549022668,0.384372284047935,1.20301291070115,9.88954038307553,26.1104596169245,3.18,2,0.0197417229333407,phase 5 measured,"CONSISTENT BUT UNDERPOWERED: measured slope matches the model in sign and size, but neither is separable from zero"
592332,"Gausman, Kevin",R,0.57888198757764,639,505,-18,0.70696992712524,-0.652449011045816,2.57566970644002,17.2611365655147,18.7388634344853,2.304,-2,0.0202567860992264,phase 5 measured,"CONSISTENT BUT UNDERPOWERED: measured slope matches the model in sign and size, but neither is separable from zero"
683004,"Leiter, Jack",R,0.558339298496779,365,293,-23,0.704683689639142,0.462247637862178,1.01116686692607,12.5810519270342,23.4189480729658,9.984,-8,0.0540502069353597,phase 5 measured,"CONSISTENT BUT UNDERPOWERED: measured slope matches the model in sign and size, but neither is separable from zero"
670950,"Richards, Trevor",R,0.469525959367946,186,197,-9,0.703018059248933,-0.42491660154111,1.70136022709714,26.5677736733556,9.43222632664443,2.7,-2,0.228379463386772,phase 5 measured,"CONSISTENT BUT UNDERPOWERED: measured slope matches the model in sign and size, but neither is separable from zero"
689296,"Nunez, Anthony",R,0.533333333333333,164,134,-19,0.695479012550375,-0.206115073825883,1.72587225412324,4.11423639899623,31.8857636010038,7.404,-7,0.153114118163257,phase 5 measured,"CONSISTENT BUT UNDERPOWERED: measured slope matches the model in sign and size, but neither is separable from zero"
688297,"Roycroft, Chris",R,0.468671679197995,86,95,-30,0.690108776311159,0.396050173000114,0.949490657533637,5.36209196548565,30.6379080345144,17.55,-12,0.156273944483164,phase 5 measured,"CONSISTENT BUT UNDERPOWERED: measured slope matches the model in sign and size, but neither is separable from zero"
657097,"Webb, Jacob",R,0.616772823779193,222,128,-15,0.684031551263258,-0.459774095901381,2.52489327149222,20.1551844347782,15.8448155652218,12.024,-12,0.156699870610877,phase 5 measured,"CONSISTENT BUT UNDERPOWERED: measured slope matches the model in sign and size, but neither is separable from zero"
641941,"Pagán, Emilio",R,0.567627494456763,110,67,-31,0.68395327612188,0.0879765662866142,1.4663637259569,4.97574468085106,31.0242553191489,3.252,0,0,phase 5 measured,"CONSISTENT BUT UNDERPOWERED: measured slope matches the model in sign and size, but neither is separable from zero"
693821,"Elder, Bryce",R,0.644670050761421,569,324,-23,0.683598225171612,0.154051220505372,1.64434779078036,12.7125218702382,23.2874781297618,5.4,-3,0.0968096057488399,phase 5 measured,"CONSISTENT BUT UNDERPOWERED: measured slope matches the model in sign and size, but neither is separable from zero"
663567,"Lambert, Peter",R,0.548614609571788,478,436,-14,0.66544369168073,0.324609347692829,1.07969436199638,21.2905847884683,14.7094152115317,3.477,-1,0.0193777450010115,phase 5 measured,"CONSISTENT BUT UNDERPOWERED: measured slope matches the model in sign and size, but neither is separable from zero"
682608,"Gray, Peyton",R,0.489388264669164,131,160,19,0.659602564377261,0.415497053046675,0.893561880860366,25.4918986032075,10.5081013967925,2.55,-2,0.122169892299529,phase 5 measured,"CONSISTENT BUT UNDERPOWERED: measured slope matches the model in sign and size, but neither is separable from zero"
656288,"Canning, Griffin",R,0.6,336,208,-21,0.659174769191611,0.172031915722449,1.38988904939535,12.5362827131921,23.4637172868079,4.14,-4,0.0529647701806716,phase 5 measured,"CONSISTENT BUT UNDERPOWERED: measured slope matches the model in sign and size, but neither is separable from zero"
663978,"Paddack, Chris",R,0.593103448275862,283,203,26,0.658317332372393,0.97306720257417,0.199529385976583,26.5042216485142,9.49577835148582,2.5665,-2,0.00428808013681589,phase 5 measured,"CONSISTENT BUT UNDERPOWERED: measured slope matches the model in sign and size, but neither is separable from zero"
622491,"Castillo, Luis",R,0.571288584027438,580,396,-18,0.657156472413341,0.0590163507215627,1.45422090886204,17.8320565265898,18.1679434734102,6.15,-6,0.11523799462016,phase 5 measured,"CONSISTENT BUT UNDERPOWERED: measured slope matches the model in sign and size, but neither is separable from zero"
675911,"Strider, Spencer",R,0.632416787264834,189,117,-13,0.654141474981587,0.0846162357884,1.63399395343601,22.3655052420254,13.6344947579746,2.04,-2,0.144993003443118,phase 5 measured,"CONSISTENT BUT UNDERPOWERED: measured slope matches the model in sign and size, but neither is separable from zero"
596133,"Weaver, Luke",R,0.497816593886463,144,135,15,0.651139041768306,0.86188257721853,0.442228058800258,15.9042981156808,20.0957018843192,5.718,0,0,phase 5 measured,"CONSISTENT BUT UNDERPOWERED: measured slope matches the model in sign and size, but neither is separable from zero"
680802,"Weiss, Ryan",R,0.611320754716981,132,92,-16,0.643027072263661,0.279829841660587,1.2142693184549,18.3446464465555,17.6553535534446,2.84100000000001,-2,0.191206736992207,phase 5 measured,"CONSISTENT BUT UNDERPOWERED: measured slope matches the model in sign and size, but neither is separable from zero"
702021,"Dion, Will",L,0.403940886699507,80,124,-20,0.635585689759584,-0.114783513004113,1.14410035609531,15.0952813715111,20.9047186284889,16.05,15,0.58396300562085,phase 5 measured,"CONSISTENT BUT UNDERPOWERED: measured slope matches the model in sign and size, but neither is separable from zero"
676755,"Mattson, Isaac",R,0.526850507982584,150,144,-32,0.633702400740758,0.169777255318997,1.15028162708462,3.84159866123039,32.1584013387696,2.04,2,0.0403010725076242,phase 5 measured,"CONSISTENT BUT UNDERPOWERED: measured slope matches the model in sign and size, but neither is separable from zero"
675989,"Bolton, Cody",R,0.549872122762148,79,72,17,0.627104074855855,0.487465134431123,0.797685735033794,18.7452851062782,17.2547148937219,8.6535,7,0.0678061691264952,phase 5 measured,"CONSISTENT BUT UNDERPOWERED: measured slope matches the model in sign and size, but neither is separable from zero"
686799,"Kochanowicz, Jack",R,0.54249547920434,283,207,-24,0.623230492353022,0.222282815597709,1.09866252012612,11.107633294523,24.892366705477,4.38,-2,0.0065522263738913,phase 5 measured,"CONSISTENT BUT UNDERPOWERED: measured slope matches the model in sign and size, but neither is separable from zero"
691799,"Taylor, Grant",R,0.521072796934866,211,221,-23,0.62313178607208,0.557552453820601,0.69448209956169,12.6625465644615,23.3374534355386,2.46,-2,0.0596205032994371,phase 5 measured,"CONSISTENT BUT UNDERPOWERED: measured slope matches the model in sign and size, but neither is separable from zero"
676664,"Sears, JP",L,0.302457466918715,61,147,-12,0.619761968143337,-0.43125143717482,1.07548593792899,23.8106179683679,12.1893820316322,2.34,-2,0.144831328928726,phase 5 measured,"CONSISTENT BUT UNDERPOWERED: measured slope matches the model in sign and size, but neither is separable from zero"
671737,"Bradley, Taj",R,0.591845493562232,583,447,-23,0.609672347161652,0.0763777406178242,1.38297756527305,12.8746132113548,23.1253867886452,2.22,-2,0.100006669842287,phase 5 measured,"CONSISTENT BUT UNDERPOWERED: measured slope matches the model in sign and size, but neither is separable from zero"
815083,"Farris, Mitch",L,0.435606060606061,104,189,-8,0.603254462335706,-0.484437120324518,1.44274796573118,27.8562154776964,8.14378452230362,2.04,-2,0.0169467883706213,phase 5 measured,"CONSISTENT BUT UNDERPOWERED: measured slope matches the model in sign and size, but neither is separable from zero"
608566,"Márquez, Germán",R,0.604952830188679,206,137,-17,0.593685786541437,0.340058119854233,0.982076810453483,18.2012974042915,17.7987025957085,6.6,-6,0.286393613365155,phase 5 measured,"CONSISTENT BUT UNDERPOWERED: measured slope matches the model in sign and size, but neither is separable from zero"
680573,"Woods Richardson, Simeon",R,0.553191489361702,240,202,-25,0.589700021337417,-0.00762724470849633,1.32924806501331,10.4030953171704,25.5969046828296,4.623,-4,0.0594316981370746,phase 5 measured,"CONSISTENT BUT UNDERPOWERED: measured slope matches the model in sign and size, but neither is separable from zero"
683000,"Cornelio, Riley",R,0.451219512195122,77,93,-8,0.587554930946873,0.236914357432599,0.875859402503053,27.1340045729126,8.8659954270874,4.728,-4,0.184217900324429,phase 5 measured,"CONSISTENT BUT UNDERPOWERED: measured slope matches the model in sign and size, but neither is separable from zero"
676760,"Marinaccio, Ron",R,0.540307101727447,224,192,23,0.583910966086547,0.276334769012732,0.945425368910258,23.4045365776038,12.5954634223962,9.79799999999991,9,0.166645341785786,phase 5 measured,"CONSISTENT BUT UNDERPOWERED: measured slope matches the model in sign and size, but neither is separable from zero"
519141,"Pomeranz, Drew",L,0.405857740585774,100,117,10,0.56395387516326,0.937971521480292,0.308462947749513,10.6823504438441,25.3176495561559,3.642,3,0.0507238688240025,phase 5 measured,"CONSISTENT BUT UNDERPOWERED: measured slope matches the model in sign and size, but neither is separable from zero"
687312,"Hughes, Gabriel",R,0.644757433489828,186,113,-13,0.559862946489544,0.349158708364658,0.942286497623698,22.5560240963856,13.4439759036144,1.665,-1,0.0537919745553114,phase 5 measured,"CONSISTENT BUT UNDERPOWERED: measured slope matches the model in sign and size, but neither is separable from zero"
687330,"Kelly, Kevin",R,0.447761194029851,111,166,-29,0.548732067649933,-0.373901848511043,1.29681362129397,6.56220116451649,29.4377988354835,2.406,-2,0.0617542151886195,phase 5 measured,"CONSISTENT BUT UNDERPOWERED: measured slope matches the model in sign and size, but neither is separable from zero"
702056,"Yesavage, Trey",R,0.55390574564235,390,324,7,0.548169828784159,0.762297301288054,0.282292301420421,7.60371818477201,28.396281815228,4.689,4,0.225943103758013,phase 5 measured,"CONSISTENT BUT UNDERPOWERED: measured slope matches the model in sign and size, but neither is separable from zero"
656605,"Keller, Mitch",R,0.633280339162692,553,318,-19,0.547214570813174,0.841605193864816,0.0388377000809302,16.8649613492621,19.1350386507379,2.7,-2,0.094304539125421,phase 5 measured,"CONSISTENT BUT UNDERPOWERED: measured slope matches the model in sign and size, but neither is separable from zero"
695534,"Petty, Chase",R,0.526205450733753,120,106,15,0.545904975948371,0.493462521630336,0.604148586717515,15.0086545347766,20.9913454652234,2.844,-2,0.0666955801613435,phase 5 measured,"CONSISTENT BUT UNDERPOWERED: measured slope matches the model in sign and size, but neither is separable from zero"
694918,"Tidwell, Blade",R,0.546485260770975,100,86,-7,0.54196031908683,-0.216674129104492,1.45611482915737,12.1815428957646,23.8184571042354,1.92,-1,0.138675303298516,phase 5 measured,"CONSISTENT BUT UNDERPOWERED: measured slope matches the model in sign and size, but neither is separable from zero"
680570,"Rodriguez, Grayson",R,0.568592057761733,290,225,18,0.537998366847054,0.79232294343272,0.202800703146281,22.645,13.355,3.432,-1,0.0610344196414003,phase 5 measured,"CONSISTENT BUT UNDERPOWERED: measured slope matches the model in sign and size, but neither is separable from zero"
666661,"Morillo, Juan",R,0.59079283887468,190,126,-22,0.531971669655711,0.0529726468566424,1.22352650882187,13.6432347472495,22.3567652527505,4.728,-4,0.195167143581948,phase 5 measured,"CONSISTENT BUT UNDERPOWERED: measured slope matches the model in sign and size, but neither is separable from zero"
663554,"Mize, Casey",R,0.581841432225064,425,311,23,0.5203168381869,0.60835025740191,0.397823854263873,23.2226086956522,12.7773913043478,4.38,-4,0.0910500797895994,phase 5 measured,"CONSISTENT BUT UNDERPOWERED: measured slope matches the model in sign and size, but neither is separable from zero"
657612,"Hill, Tim",L,0.585585585585586,186,114,9,0.520113134279039,0.600489732505666,0.406537506350109,9.7653148295411,26.2346851704589,2.94,-2,0.115966150429431,phase 5 measured,"CONSISTENT BUT UNDERPOWERED: measured slope matches the model in sign and size, but neither is separable from zero"
672456,"Montero, Keider",R,0.577501296008295,483,378,22,0.516126659672408,0.672755245419463,0.302035562099133,22.906071609236,13.093928390764,4.059,-3,0.154447574080773,phase 5 measured,"CONSISTENT BUT UNDERPOWERED: measured slope matches the model in sign and size, but neither is separable from zero"
690928,"Dobbins, Hunter",R,0.560889929742389,206,169,22,0.514345138089924,0.911471647235835,0.007082210407547,22.6450634085338,13.3549365914662,13.8,-4,0.163968250357163,phase 5 measured,"CONSISTENT BUT UNDERPOWERED: measured slope matches the model in sign and size, but neither is separable from zero"
660604,"Rangel, Alan",R,0.556008146639511,139,102,10,0.499436944199368,0.7093341137142,0.236584066779419,10.7794780695353,25.2205219304647,1.905,-1,0.160942798701336,phase 5 measured,"CONSISTENT BUT UNDERPOWERED: measured slope matches the model in sign and size, but neither is separable from zero"
621383,"Banks, Tanner",L,0.390199637023593,84,130,-7,0.478908450820245,1.07624790078788,0.0966823146802443,7.68752040175769,28.3124795982423,1.92,-1,0.106488455950121,phase 5 measured,"CONSISTENT BUT UNDERPOWERED: measured slope matches the model in sign and size, but neither is separable from zero"
663423,"Thornton, Trent",R,0.451905626134301,60,111,23,0.476206103861168,-0.0332631571003751,0.896265196508269,23.0732006889996,12.9267993110004,6.48,-4,0.14639766386349,phase 5 measured,"CONSISTENT BUT UNDERPOWERED: measured slope matches the model in sign and size, but neither is separable from zero"
699134,"Rodriguez, Bradgley",R,0.532150776053215,198,171,6,0.46366191054853,0.783535827986542,0.0998242793394157,6.50490967021842,29.4950903297816,3.312,3,0.216081930143137,phase 5 measured,"CONSISTENT BUT UNDERPOWERED: measured slope matches the model in sign and size, but neither is separable from zero"
669387,"Mlodzinski, Carmen",R,0.608323831242874,466,278,15,0.461966527182254,0.460921008045658,0.463590353847097,15.2525099667257,20.7474900332743,8.046,-8,0.0485969912941782,phase 5 measured,"CONSISTENT BUT UNDERPOWERED: measured slope matches the model in sign and size, but neither is separable from zero"
687064,"Young, Brandon",R,0.589473684210526,491,344,-21,0.461126006598045,-0.199176152891286,1.40925218432632,14.5961794796843,21.4038205203157,4.482,-3,0.106010565471364,phase 5 measured,"CONSISTENT BUT UNDERPOWERED: measured slope matches the model in sign and size, but neither is separable from zero"
670280,"Bednar, David",R,0.567713976164681,206,168,-13,0.460797965938621,0.0519877145140385,0.997681604400981,22.4824114725027,13.5175885274973,2.43,-2,0.0505114479417124,phase 5 measured,"CONSISTENT BUT UNDERPOWERED: measured slope matches the model in sign and size, but neither is separable from zero"
696270,"Johnson, Ryan",R,0.571571571571572,220,168,-6,0.460146771133759,-0.0811887179762159,1.18234902412861,29.4824507592014,6.51754924079862,6.87,-6,0.460146771133759,phase 5 measured,"CONSISTENT BUT UNDERPOWERED: measured slope matches the model in sign and size, but neither is separable from zero"
805123,"Blubaugh, AJ",R,0.532924961715161,307,264,-13,0.447926669619231,-0.00761171815677793,0.967688502229234,22.5267897244613,13.4732102755387,5.067,-4,0.11928100123262,phase 5 measured,"CONSISTENT BUT UNDERPOWERED: measured slope matches the model in sign and size, but neither is separable from zero"
615698,"Quantrill, Cal",R,0.584362139917696,298,210,-27,0.446075559063338,-0.250594646258789,1.42555248139742,8.05866723805442,27.9413327619456,3.48,-3,0.0167488712703574,phase 5 measured,"CONSISTENT BUT UNDERPOWERED: measured slope matches the model in sign and size, but neither is separable from zero"
678606,"Ferrer, José A.",L,0.453980099502488,172,189,12,0.445852012123585,0.919446938069622,0.0520885771115042,12.0153280349243,23.9846719650757,3.321,3,0.0716004062735121,phase 5 measured,"CONSISTENT BUT UNDERPOWERED: measured slope matches the model in sign and size, but neither is separable from zero"
642121,"Sulser, Cole",R,0.536082474226804,181,143,-23,0.434918600627453,-0.748711585640353,1.80266903809247,12.189,23.811,2.778,2,0.0354577935629982,phase 5 measured,"CONSISTENT BUT UNDERPOWERED: measured slope matches the model in sign and size, but neither is separable from zero"
607067,"Rea, Colin",R,0.602368031573754,543,377,-13,0.427228645248705,0.215266423733232,0.748327742606513,12.3689261352801,23.6310738647199,2.43,-2,0.100040765346221,phase 5 measured,"CONSISTENT BUT UNDERPOWERED: measured slope matches the model in sign and size, but neither is separable from zero"
676083,"Junk, Janson",R,0.654092526690391,394,224,12,0.427206594579267,0.454114389601064,0.376325393704714,12.4226969422681,23.5773030577319,4.9035,3,0.0833164054253418,phase 5 measured,"CONSISTENT BUT UNDERPOWERED: measured slope matches the model in sign and size, but neither is separable from zero"
601713,"Pivetta, Nick",R,0.515901060070671,63,71,-6,0.419384699926707,-0.0123430061574128,0.87947408013314,17.6213827250786,18.3786172749214,5.0475,-4,0.30618363661241,phase 5 measured,"CONSISTENT BUT UNDERPOWERED: measured slope matches the model in sign and size, but neither is separable from zero"
640448,"Finnegan, Kyle",R,0.465253239104829,146,165,26,0.41316006209943,1.19431053054764,-0.266475257365424,26.003862169647,9.99613783035297,4.338,-4,0.211457064795414,phase 5 measured,"CONSISTENT BUT UNDERPOWERED: measured slope matches the model in sign and size, but neither is separable from zero"
669947,"Scholtens, Jesse",R,0.503457814661134,168,151,-29,0.411741429916175,-0.173509547398682,1.00514353504879,6.58535247184231,29.4146475281577,2.472,-1,0.0247293793526892,phase 5 measured,"CONSISTENT BUT UNDERPOWERED: measured slope matches the model in sign and size, but neither is separable from zero"
681402,"Varland, Gus",R,0.490265486725664,122,115,14,0.409879421758059,0.409927346791738,0.409833327194417,14.7365679307665,21.2634320692335,4.44,3,0.0117838555672251,phase 5 measured,"CONSISTENT BUT UNDERPOWERED: measured slope matches the model in sign and size, but neither is separable from zero"
641793,"Littell, Zack",R,0.589341692789969,511,376,-33,0.398573053492305,0.141677542366715,0.767247527474067,2.5980801695698,33.4019198304302,4.4535,-1,0.0225039818372337,phase 5 measured,"CONSISTENT BUT UNDERPOWERED: measured slope matches the model in sign and size, but neither is separable from zero"
669194,"Nelson, Ryne",R,0.544891640866873,335,282,-23,0.391910834518725,-0.0535541708249675,0.925256691256751,12.102642672653,23.897357327347,4.254,-4,0.126340789859345,phase 5 measured,"CONSISTENT BUT UNDERPOWERED: measured slope matches the model in sign and size, but neither is separable from zero"
656876,"Rasmussen, Drew",R,0.635087719298246,605,348,22,0.390825398439922,0.362965005227715,0.439313198165011,22.6527239786362,13.3472760213638,2.94,2,0.0427529490474333,phase 5 measured,"CONSISTENT BUT UNDERPOWERED: measured slope matches the model in sign and size, but neither is separable from zero"
696149,"Chandler, Bubba",R,0.549879518072289,531,435,-24,0.388177801081774,0.0518021466865927,0.799103520209077,11.6095879680621,24.3904120319379,7.02,7,0.0331170969384142,phase 5 measured,"CONSISTENT BUT UNDERPOWERED: measured slope matches the model in sign and size, but neither is separable from zero"
686751,"Johnson, Seth",R,0.437939110070258,70,89,18,0.378762352353782,0.194421950401712,0.52239424887477,19.8916624511382,16.1083375488618,8.592,-8,0.0458153354701057,phase 5 measured,"CONSISTENT BUT UNDERPOWERED: measured slope matches the model in sign and size, but neither is separable from zero"
675512,"Melton, Troy",R,0.610888710968775,365,240,-14,0.372118858728179,0.162341302057894,0.701460989879265,18.8551830305413,17.1448169694587,2.13,-1,0.0295646997135957,phase 5 measured,"CONSISTENT BUT UNDERPOWERED: measured slope matches the model in sign and size, but neither is separable from zero"
669093,"Estrada, Jeremiah",R,0.537974683544304,101,83,10,0.360749095211871,0.55544824462362,0.134044606170793,10.5513534401149,25.4486465598851,5.64,1,0.179503266745482,phase 5 measured,"CONSISTENT BUT UNDERPOWERED: measured slope matches the model in sign and size, but neither is separable from zero"
702474,"Paredes, Mike",R,0.622504537205082,171,87,-9,0.348721640367477,0.394870632765235,0.272620176942328,10.730771936702,25.269228063298,1.536,1,0.0681864498954906,phase 5 measured,"CONSISTENT BUT UNDERPOWERED: measured slope matches the model in sign and size, but neither is separable from zero"
657756,"Seabold, Connor",R,0.565126050420168,116,77,-14,0.340857846347654,-0.114709349896426,0.932875120693826,21.0538470893137,14.9461529106863,3.798,3,0.256864066154437,phase 5 measured,"CONSISTENT BUT UNDERPOWERED: measured slope matches the model in sign and size, but neither is separable from zero"
622663,"Severino, Luis",R,0.576427255985267,294,203,19,0.334728602001049,0.31950186160149,0.355450209588274,19.3589648761701,16.6410351238299,3.942,-2,0.117336829161816,phase 5 measured,"CONSISTENT BUT UNDERPOWERED: measured slope matches the model in sign and size, but neither is separable from zero"
622554,"Domínguez, Seranthony",R,0.496341463414634,154,157,-17,0.323218253819861,-0.258056363047609,0.896048203129934,18.1985600556064,17.8014399443936,3,-3,0.267656831780077,phase 5 measured,"CONSISTENT BUT UNDERPOWERED: measured slope matches the model in sign and size, but neither is separable from zero"
681911,"Vesia, Alex",L,0.421855146124524,119,185,-22,0.322375953209821,-0.456763436370199,0.890890848463814,10.027681498829,25.972318501171,2.46,-2,0.0953754186033133,phase 5 measured,"CONSISTENT BUT UNDERPOWERED: measured slope matches the model in sign and size, but neither is separable from zero"
641329,"Baker, Bryan",R,0.535853976531943,152,137,8,0.311576030012812,0.442819934919522,0.160055679123323,8.82510721192803,27.174892788072,4.095,4,0.189190410941946,phase 5 measured,"CONSISTENT BUT UNDERPOWERED: measured slope matches the model in sign and size, but neither is separable from zero"
682243,"Miller, Bryce",R,0.558523173605656,360,277,-22,0.294229150118093,-0.102069844317177,0.795596739163426,11.6213660618997,24.3786339381003,2.778,1,0.00526497382204807,phase 5 measured,"CONSISTENT BUT UNDERPOWERED: measured slope matches the model in sign and size, but neither is separable from zero"
669165,"Hurt, Kyle",R,0.412140575079872,113,167,10,0.293203386495894,0.59289373530972,0.08309439194707,10.1656879219333,25.8343120780667,2.616,2,0.0467220009454919,phase 5 measured,"CONSISTENT BUT UNDERPOWERED: measured slope matches the model in sign and size, but neither is separable from zero"
645261,"Alcantara, Sandy",R,0.603501945525292,770,492,13,0.260069443830271,0.528720103661569,-0.148838479033659,13.3176684284238,22.6823315715762,2.8515,-1,0.00593766190862366,phase 5 measured,"CONSISTENT BUT UNDERPOWERED: measured slope matches the model in sign and size, but neither is separable from zero"
676604,"Zuber, Tyler",R,0.448529411764706,61,73,-17,0.248340355218136,0.428831867353113,0.101540592015022,18.5426223805344,17.4573776194656,5.4,0,0,phase 5 measured,"CONSISTENT BUT UNDERPOWERED: measured slope matches the model in sign and size, but neither is separable from zero"
663158,"Suarez, Robert",R,0.587982832618026,101,82,12,0.232582328583903,0.35353344468566,0.0599750066470201,12.466072251646,23.533927748354,5.562,4,0.0362710795889651,phase 5 measured,"CONSISTENT BUT UNDERPOWERED: measured slope matches the model in sign and size, but neither is separable from zero"
596001,"Junis, Jakob",R,0.489396411092985,90,108,-18,0.227819990845249,-0.190000188082307,0.62828661601543,12.5163553943632,23.4836446056368,2.52,-1,0.105578061787865,phase 5 measured,"CONSISTENT BUT UNDERPOWERED: measured slope matches the model in sign and size, but neither is separable from zero"
668964,"Myers, Tobias",R,0.571830985915493,211,140,3,0.162929352723151,0.0356780314972324,0.332876840939346,10.225838820947,25.774161179053,2.64,2,0.152726627077034,phase 5 measured,"CONSISTENT BUT UNDERPOWERED: measured slope matches the model in sign and size, but neither is separable from zero"
605540,"Woodruff, Brandon",R,0.522691705790297,155,163,-26,0.153691992426906,-0.174059853807548,0.512607128959063,9.67199677872905,26.328003221271,2.982,2,0.0430002243258651,phase 5 measured,"CONSISTENT BUT UNDERPOWERED: measured slope matches the model in sign and size, but neither is separable from zero"
623211,"Brazobán, Huascar",R,0.452586206896552,150,241,5,0.149163735139765,0.294511512643467,0.0289943127941845,5.9724840060697,30.0275159939303,3.24,3,0.0264959548773287,phase 5 measured,"CONSISTENT BUT UNDERPOWERED: measured slope matches the model in sign and size, but neither is separable from zero"
670036,"Festa, Matt",R,0.471478463329453,139,174,20,0.142851541280163,-0.815849861957283,0.998080766635153,23.5787096774194,12.4212903225806,5.41799999999999,-1,0.0483546776247099,phase 5 measured,"CONSISTENT BUT UNDERPOWERED: measured slope matches the model in sign and size, but neither is separable from zero"
671212,"Boyle, Joe",R,0.530259365994236,81,69,-15,0.140034474720267,0.0387613326082566,0.254355076858978,7.00452902388862,28.9954709761114,7.152,3,0.108171675290367,phase 5 measured,"CONSISTENT BUT UNDERPOWERED: measured slope matches the model in sign and size, but neither is separable from zero"
687606,"Schultz, Paxton",R,0.516393442622951,103,110,-2,0.123316413125856,0.0585572061816427,0.192466074778153,27.3354042312977,8.66459576870228,1.7625,-1,0.0775352915839488,phase 5 measured,"CONSISTENT BUT UNDERPOWERED: measured slope matches the model in sign and size, but neither is separable from zero"
800311,"Fuentes, Didier",R,0.571739130434783,266,163,-3,0.0839880423291045,-0.0107322577531808,0.210442047007486,25.0135003518614,10.9864996481386,5.604,-3,0.0839880423291045,phase 5 measured,"CONSISTENT BUT UNDERPOWERED: measured slope matches the model in sign and size, but neither is separable from zero"
628452,"Iglesias, Raisel",R,0.543539325842697,163,146,-27,0.0695037275282073,-0.605203132891836,0.872923896705305,8.59856181758023,27.4014381824198,10.68,-1,0.0143866226803373,phase 5 measured,"CONSISTENT BUT UNDERPOWERED: measured slope matches the model in sign and size, but neither is separable from zero"
689147,"Kerkering, Orion",R,0.501136363636364,159,149,-7,0.0608532058053491,-0.0482860958694394,0.170489725255421,8.17326600500999,27.82673399499,4.08,-4,0.0316851492893338,phase 5 measured,"CONSISTENT BUT UNDERPOWERED: measured slope matches the model in sign and size, but neither is separable from zero"
701656,"Henderson, Logan",R,0.690349946977731,335,148,-1,0.021558809528694,-0.00155343900269598,0.0730864595079231,5.80425464091506,30.195745359085,2.36549999999999,-1,0.021558809528694,phase 5 measured,"CONSISTENT BUT UNDERPOWERED: measured slope matches the model in sign and size, but neither is separable from zero"
621097,"Waguespack, Jacob",R,0.452830188679245,69,89,8,0.00857816137613984,0.248307331941623,-0.189818393574605,8.79780059916896,27.2021994008311,1.428,0,0,phase 5 measured,"CONSISTENT BUT UNDERPOWERED: measured slope matches the model in sign and size, but neither is separable from zero"
650644,"Civale, Aaron",R,0.59281045751634,366,285,-1,0.00477859172496247,-0.022725653234002,0.0448208873554292,9.95900638029351,26.0409936197065,7.0425,-1,0.00477859172496247,phase 5 measured,"CONSISTENT BUT UNDERPOWERED: measured slope matches the model in sign and size, but neither is separable from zero"
